chr,start,end,time,chrGene,startGene,endGene,gene,overlap,strand,dist,peakCenter,distTSStoPeakCenter
chrXV,127934,128405,365,chrXV,126981,127920,YOL101C,2970,-,-15,128169.5,-249.5
chrXII,439861,440572,275,chrXII,440466,441288,YLR150W,4509,+,0,440216.5,-249.5
chrXII,1011932,1012571,300,chrXII,1012500,1013775,YLR438W,4836,+,0,1012251.5,-248.5
chrII,647120,647638,31,chrII,646157,647132,YBR211C,1215,-,0,647379,-247
chrIX,187542,188215,124,chrIX,186516,187632,YIL094C,2254,-,0,187878.5,-246.5
chrXIII,562513,563185,321,chrXIII,563095,564193,YMR152W,6467,+,0,562849,-246
chrIV,304728,305253,62,chrIV,305236,306577,YDL084W,1489,+,0,304990.5,-245.5
chrIV,221625,222467,59,chrIV,221723,221801,YDL133C-A,1435,-,0,222046,-245
chrVII,283856,284507,157,chrVII,281633,283937,YGL120C,3839,-,0,284181.5,-244.5
chrII,473907,474425,21,chrII,469747,473926,YBR115C,1107,-,0,474166,-240
chrIV,356732,357251,67,chrIV,355673,356759,YDL055C,1518,-,0,356991.5,-232.5
chrXII,65162,65716,261,chrXII,64061,65207,YLL039C,4315,-,0,65439,-232
chrXV,446578,447361,376,chrXV,446078,446738,YOR064C,3149,-,0,446969.5,-231.5
chrIV,334262,334946,65,chrIV,334834,336121,YDL066W,1507,+,0,334604,-230
chrVII,615945,616444,173,chrVII,611888,615965,YGR061C,4030,-,0,616194.5,-229.5
chrII,87709,88326,7,chrII,86721,87789,YBL074C,897,-,0,88017.5,-228.5
chrXII,1011932,1012571,300,chrXII,1011621,1012023,YLR437C,4834,-,0,1012251.5,-228.5
chrXII,423393,424009,274,chrXII,421541,423473,YLR139C,4496,-,0,423701,-228
chrXI,557176,557731,254,chrXI,557676,558954,YKR061W,2852,+,0,557453.5,-222.5
chrXII,932299,932854,296,chrXII,932205,932355,YLR406C-A,4800,-,0,932576.5,-221.5
chrIV,1005193,1005714,96,chrIV,1005674,1008689,YDR270W,1870,+,0,1005453.5,-220.5
chrXVI,425720,426410,417,chrXVI,425250,425847,YPL067C,5535,-,0,426065,-218
chrXIV,310014,310533,344,chrXIV,308956,310057,YNL173C,5041,-,0,310273.5,-216.5
chrIII,262526,262871,49,chrIII,262915,263269,YCR085W,3664,+,-45,262698.5,-216.5
chrIV,447535,447998,71,chrIV,447983,449276,YDL001W,1575,+,0,447766.5,-216.5
chrXV,511117,512098,379,chrXV,511824,513006,YOR099W,3186,+,0,511607.5,-216.5
chrXIII,330182,330709,315,chrXIII,328659,330231,YMR029C,6333,-,0,330445.5,-214.5
chrXV,631675,632254,384,chrXV,630965,631751,YOR157C,3247,-,0,631964.5,-213.5
chrIV,964706,965093,92,chrIV,965112,966489,YDR254W,1850,+,-20,964899.5,-212.5
chrXVI,638864,639598,423,chrXVI,637378,639019,YPR033C,5638,-,0,639231,-212
chrXIII,654655,655071,324,chrXIII,655075,658342,YMR196W,6521,+,-5,654863,-212
chrXI,278618,279205,245,chrXI,279122,280127,YKL085W,2699,+,0,278911.5,-210.5
chrXV,1010745,1011211,399,chrXV,1011188,1012760,YOR359W,3465,+,0,1010978,-210
chrII,628776,629139,30,chrII,629167,631942,YBR203W,1207,+,-29,628957.5,-209.5
chrIV,334262,334946,65,chrIV,334216,334396,YDL067C,1506,-,0,334604,-208
chrXII,795027,795437,289,chrXII,794937,795024,snR57,5835,-,-4,795232,-208
chrXV,255014,255443,371,chrXV,254925,255021,YOL038C-A,3038,-,0,255228.5,-207.5
chrIV,1222264,1222837,113,chrIV,1222758,1223331,YDR373W,1983,+,0,1222550.5,-207.5
chrX,647169,647633,233,chrX,647606,649142,YJR121W,808,+,0,647401,-205
chrV,270039,270738,132,chrV,269422,270185,YER056C-A,279,-,0,270388.5,-203.5
chrV,214623,215094,131,chrV,215062,217693,YER032W,248,+,0,214858.5,-203.5
chrII,159627,160165,11,chrII,158655,159693,YBL033C,944,-,0,159896,-203
chrXIV,91646,91936,337,chrXIV,91993,94801,YNL287W,4924,+,-58,91791,-202
chrXV,631675,632254,384,chrXV,632163,633120,YOR158W,3248,+,0,631964.5,-198.5
chrIII,172372,172865,44,chrIII,170885,172424,YCR028C,3609,-,0,172618.5,-194.5
chrIX,117566,118030,121,chrIX,117991,122071,YIL126W,2218,+,0,117798,-193
chrXIV,619539,620208,355,chrXIV,620066,620978,YNL006W,5220,+,0,619873.5,-192.5
chrXVI,557829,558560,420,chrXVI,558384,559935,YPR002W,5604,+,0,558194.5,-189.5
chrIV,447535,447998,71,chrIV,446966,447578,YDL002C,1574,-,0,447766.5,-188.5
chrXIII,793352,793763,327,chrXIII,790204,793369,YMR261C,6589,-,0,793557.5,-188.5
chrV,509917,510451,141,chrV,510372,512106,YER165W,415,+,0,510184,-188
chrXII,225039,225677,263,chrXII,224920,225172,YLR038C,4393,-,0,225358,-186
chrIV,519443,519672,78,chrIV,519743,519826,tL(UAA)D,6019,+,-72,519557.5,-185.5
chrIV,1135341,1135889,108,chrIV,1133259,1135431,YDR333C,1938,-,0,1135615,-184
chrXVI,408612,409244,415,chrXVI,408009,408744,YPL078C,5524,-,0,408928,-184
chrIV,98023,98557,54,chrIV,98474,99224,YDL202W,1362,+,0,98290,-184
chrIV,312501,312807,63,chrIV,310641,312471,YDL080C,1493,-,-31,312654,-183
chrXI,321541,321860,247,chrXI,321014,321518,YKL063C,2723,-,-24,321700.5,-182.5
chrXV,816891,817334,390,chrXV,815914,816931,YOR261C,3358,-,0,817112.5,-181.5
chrVII,84164,84711,153,chrVII,82877,84257,YGL219C,3737,-,0,84437.5,-180.5
chrXII,668803,669337,282,chrXII,668243,668891,YLR262C,4641,-,0,669070,-179
chrII,113335,113829,8,chrII,113761,115168,YBL056W,919,+,0,113582,-179
chrX,373810,374145,224,chrX,368747,373799,YJL039C,647,-,-12,373977.5,-178.5
chrXV,816891,817334,390,chrXV,817291,818335,YOR262W,3359,+,0,817112.5,-178.5
chrIV,1198707,1199041,111,chrIV,1196678,1198697,YDR362C,1968,-,-11,1198874,-177
chrIV,1112128,1112811,107,chrIV,1112002,1112293,YDR322C-A,1927,-,0,1112469.5,-176.5
chrX,333045,333454,220,chrX,330430,333073,YJL056C,629,-,0,333249.5,-176.5
chrII,140778,141363,10,chrII,141246,141972,YBL041W,934,+,0,141070.5,-175.5
chrVIII,179964,180373,198,chrVIII,180344,181760,YHR036W,5931,+,0,180168.5,-175.5
chrVII,475111,475631,164,chrVII,475544,476069,YGL010W,3952,+,0,475371,-173
chrII,87709,88326,7,chrII,88190,88277,snR56,5834,+,0,88017.5,-172.5
chrXIII,914588,914832,333,chrXIII,912879,914538,YMR319C,6657,-,-51,914710,-172
chrXV,648859,649401,385,chrXV,649302,651732,YOR168W,3261,+,0,649130,-172
chrIX,148731,149030,122,chrIX,144326,148709,YIL115C,2230,-,-23,148880.5,-171.5
chrXI,210224,210618,243,chrXI,210592,212332,YKL124W,2656,+,0,210421,-171
chrXIII,793352,793763,327,chrXIII,793725,794667,YMR262W,6590,+,0,793557.5,-167.5
chrIV,115863,116443,55,chrIV,116320,116866,YDL192W,1372,+,0,116153,-167
chrXVI,425720,426410,417,chrXVI,426232,427672,YPL066W,5536,+,0,426065,-167
chrXII,1011191,1011629,299,chrXII,1007420,1011245,YLR436C,4833,-,0,1011410,-165
chrVII,152715,153166,155,chrVII,151036,152776,YGL186C,3772,-,0,152940.5,-164.5
chrVI,167096,167449,150,chrVI,167437,167525,tY(GUA)F1,6149,+,0,167272.5,-164.5
chrXII,623813,624281,279,chrXII,622917,623883,YLR242C,4620,-,0,624047,-164
chrXII,131330,131824,262,chrXII,131204,131414,YLL009C,4345,-,0,131577,-163
chrXIV,478090,478300,351,chrXIV,476931,478032,YNL080C,5142,-,-59,478195,-163
chrIV,494298,494563,77,chrIV,492555,494268,YDR026C,1603,-,-31,494430.5,-162.5
chrXIII,95233,95829,307,chrXIII,94430,95369,YML087C,6205,-,0,95531,-162
chrIV,373662,373877,68,chrIV,372687,373608,YDL045C,1529,-,-55,373769.5,-161.5
chrXIV,627053,627536,356,chrXIV,627455,628616,YNL001W,5225,+,0,627294.5,-160.5
chrXI,554544,555110,253,chrXI,554986,556174,YKR059W,2850,+,0,554827,-159
chrXV,405335,405758,375,chrXV,402760,405388,YOR038C,3123,-,0,405546.5,-158.5
chrXV,91368,91786,362,chrXV,89691,91419,YOL122C,2947,-,0,91577,-158
chrXVI,355291,355792,413,chrXVI,355699,357676,YPL104W,5497,+,0,355541.5,-157.5
chrXV,884260,884452,394,chrXV,884513,887876,YOR304W,3403,+,-62,884356,-157
chrII,113335,113829,8,chrII,112800,113427,YBL057C,918,-,0,113582,-155
chrXII,623813,624281,279,chrXII,624202,625021,YLR243W,4621,+,0,624047,-155
chrIX,117566,118030,121,chrIX,117023,117644,YIL127C,2217,-,0,117798,-154
chrV,414065,414587,136,chrV,414480,415554,YER127W,367,+,0,414326,-154
chrXI,24855,25266,236,chrXI,25214,26159,YKL216W,2561,+,0,25060.5,-153.5
chrIV,1496397,1497004,118,chrIV,1496164,1496548,YDR529C,2149,-,0,1496700.5,-152.5
chrXIII,4208,5465,303,chrXIII,460,4684,YML133C,6152,-,0,4836.5,-152.5
chrXIV,627053,627536,356,chrXIV,626173,627142,YNL002C,5224,-,0,627294.5,-152.5
chrIV,1476468,1476787,117,chrIV,1474973,1476476,YDR516C,2132,-,0,1476627.5,-151.5
chrIV,458124,458384,73,chrIV,456835,458103,YDR005C,1581,-,-22,458254,-151
chrVII,1058600,1059150,193,chrVII,1057782,1058724,YGR282C,4267,-,0,1058875,-151
chrXII,131330,131824,262,chrXII,131728,133987,YLL008W,4346,+,0,131577,-151
chrXII,348427,348894,270,chrXII,348427,348510,snR79,6183,-,0,348660.5,-150.5
chrII,117309,117566,9,chrII,117588,119166,YBL054W,921,+,-23,117437.5,-150.5
chrVII,746416,746879,178,chrVII,746797,747736,YGR127W,4101,+,0,746647.5,-149.5
chrIV,217162,217738,57,chrIV,217599,218367,YDL136W,1432,+,0,217450,-149
chrV,401970,402482,135,chrV,402374,402719,YER121W,361,+,0,402226,-148
chrV,414065,414587,136,chrV,413393,414179,YER126C,366,-,0,414326,-147
chrXII,517604,518030,278,chrXII,516677,517670,YLR181C,4556,-,0,517817,-147
chrXIV,452087,452433,350,chrXIV,452407,456130,YNL091W,5131,+,0,452260,-147
chrVII,342995,343348,159,chrVII,343318,344584,YGL090W,3869,+,0,343171.5,-146.5
chrXIV,574243,574477,352,chrXIV,574505,575351,YNL032W,5193,+,-29,574360,-145
chrXI,30622,31041,237,chrXI,26826,30687,YKL215C,2562,-,0,30831.5,-144.5
chrX,126299,126618,216,chrX,126603,126825,YJL156W-A,521,+,0,126458.5,-144.5
chrXVI,410061,410407,416,chrXVI,409367,410090,YPL077C,5525,-,0,410234,-144
chrVIII,81562,81957,197,chrVIII,80653,81616,YHL011C,5873,-,0,81759.5,-143.5
chrX,445541,446017,227,chrX,445922,448025,YJR005W,689,+,0,445779,-143
chrIII,289188,289612,50,chrIII,288169,289258,YCR095C,3675,-,0,289400,-142
chrII,326028,326372,17,chrII,324340,326059,YBR044C,1027,-,0,326200,-141
chrXIV,437189,437753,349,chrXIV,437612,438317,YNL100W,5120,+,0,437471,-141
chrII,578009,578444,28,chrII,576343,578086,YBR170C,1168,-,0,578226.5,-140.5
chrVI,115678,116086,147,chrVI,115107,115743,YFL010C,2475,-,0,115882,-139
chrXII,893355,893703,293,chrXII,892991,893390,YLR385C,4777,-,0,893529,-139
chrX,392094,392435,225,chrX,392403,393603,YJL026W,660,+,0,392264.5,-138.5
chrXI,185629,186006,240,chrXI,185956,186292,YKL137W,2643,+,0,185817.5,-138.5
chrXI,207913,208302,242,chrXI,208246,210130,YKL125W,2655,+,0,208107.5,-138.5
chrXI,202664,203058,241,chrXI,202999,203071,tK(CUU)K,5996,+,0,202861,-138
chrIV,202502,202913,56,chrIV,201718,202570,YDL142C,1426,-,0,202707.5,-137.5
chrXIII,352052,352877,316,chrXIII,352602,353136,YMR042W,6348,+,0,352464.5,-137.5
chrXI,185629,186006,240,chrXI,185285,185681,YKL138C,2642,-,0,185817.5,-136.5
chrII,578009,578444,28,chrII,578363,578984,YBR171W,1169,+,0,578226.5,-136.5
chrVII,843508,843925,184,chrVII,843853,844960,YGR173W,4154,+,0,843716.5,-136.5
chrXVI,646984,647363,424,chrXVI,646447,647038,YPR037C,5643,-,0,647173.5,-135.5
chrVII,131148,131629,154,chrVII,131524,139543,YGL195W,3761,+,0,131388.5,-135.5
chrXV,285869,286202,372,chrXV,286171,287950,YOL020W,3057,+,0,286035.5,-135.5
chrII,670281,670582,33,chrII,668662,670297,YBR223C,1228,-,0,670431.5,-134.5
chrXVI,729424,729887,428,chrXVI,729790,730213,YPR100W,5706,+,0,729655.5,-134.5
chrXIII,798278,798488,328,chrXIII,798517,801379,YMR266W,6594,+,-30,798383,-134
chrIX,82936,83412,120,chrIX,80509,83041,YIL143C,2199,-,0,83174,-133
chrXV,847095,847429,392,chrXV,846268,847129,YOR281C,3378,-,0,847262,-133
chrVII,805966,806339,180,chrVII,805268,806021,YGR158C,4133,-,0,806152.5,-131.5
chrXVI,132096,132397,409,chrXVI,131869,132115,YPL222C-A,5374,-,0,132246.5,-131.5
chrIV,1108358,1108781,105,chrIV,1108701,1109847,YDR321W,1925,+,0,1108569.5,-131.5
chrIV,587683,588017,83,chrIV,584938,587719,YDR069C,1650,-,0,587850,-131
chrXVI,564933,565411,421,chrXVI,564006,565041,YPR004C,5607,-,0,565172,-131
chrIV,1369503,1369813,115,chrIV,1369789,1379596,YDR457W,2071,+,0,1369658,-131
chrX,126299,126618,216,chrX,123835,126328,YJL157C,520,-,0,126458.5,-130.5
chrXVI,646984,647363,424,chrXVI,647304,648375,YPR040W,5646,+,0,647173.5,-130.5
chrVII,342995,343348,159,chrVII,342055,343042,YGL091C,3868,-,0,343171.5,-129.5
chrXVI,355291,355792,413,chrXVI,352862,355412,YPL105C,5496,-,0,355541.5,-129.5
chrVII,729587,730013,177,chrVII,728045,729671,YGR119C,4091,-,0,729800,-129
chrIV,541621,542036,81,chrIV,541602,541700,snR47,5877,-,0,541828.5,-128.5
chrII,582089,582511,29,chrII,581725,582172,YBR173C,1171,-,0,582300,-128
chrXII,408162,408470,273,chrXII,408444,410193,YLR133W,4490,+,0,408316,-128
chrXIII,801454,801832,329,chrXIII,801771,802704,YMR267W,6595,+,0,801643,-128
chrXVI,729424,729887,428,chrXVI,728946,729528,YPR098C,5704,-,0,729655.5,-127.5
chrIII,252530,252904,48,chrIII,252844,254173,YCR079W,3658,+,0,252717,-127
chrIX,82936,83412,120,chrIX,83301,84885,YIL142W,2201,+,0,83174,-127
chrVII,532486,532959,166,chrVII,531882,532596,YGR024C,3987,-,0,532722.5,-126.5
chrII,528072,528308,23,chrII,528316,530638,YBR142W,1139,+,-9,528190,-126
chrIV,578411,578661,82,chrIV,578662,579112,YDR063W,1644,+,-2,578536,-126
chrVII,843508,843925,184,chrVII,842844,843591,YGR172C,4153,-,0,843716.5,-125.5
chrXI,403836,404172,250,chrXI,403579,403879,YKL018C-A,2771,-,0,404004,-125
chrXIV,1228,1554,334,chrXIV,1516,2092,YNL339W-A,4872,+,0,1391,-125
chrXVI,52550,53041,405,chrXVI,51243,52671,YPL259C,5332,-,0,52795.5,-124.5
chrVII,475111,475631,164,chrVII,474488,475247,YGL011C,3951,-,0,475371,-124
chrXII,626258,626652,280,chrXII,625167,626331,YLR244C,4622,-,0,626455,-124
chrVIII,506040,506349,208,chrVIII,506318,508709,YHR204W,6126,+,0,506194.5,-123.5
chrXV,648859,649401,385,chrXV,648803,649007,YOR167C,3260,-,0,649130,-123
chrIV,283094,283502,60,chrIV,282111,283176,YDL100C,1471,-,0,283298,-122
chrVI,40122,40474,146,chrVI,40420,42565,YFL047W,2430,+,0,40298,-122
chrXII,517604,518030,278,chrXII,517939,520351,YLR182W,4557,+,0,517817,-122
chrXV,400006,400444,374,chrXV,400347,401214,YOR036W,3121,+,0,400225,-122
chrIX,155791,156054,123,chrIX,156044,157178,YIL110W,2235,+,0,155922.5,-121.5
chrXV,400006,400444,374,chrXV,397734,400104,YOR035C,3120,-,0,400225,-121
chrII,776260,776638,37,chrII,776570,777854,YBR287W,1296,+,0,776449,-121
chrVIII,286668,287113,205,chrVIII,284838,286770,YHR091C,6001,-,0,286890.5,-120.5
chrXII,246875,247320,265,chrXII,246323,246977,YLR051C,4406,-,0,247097.5,-120.5
chrII,735933,736353,35,chrII,736263,737736,YBR263W,1272,+,0,736143,-120
chrIV,283094,283502,60,chrIV,283418,284444,YDL099W,1472,+,0,283298,-120
chrXVI,364634,365028,414,chrXVI,364951,366430,YPL097W,5504,+,0,364831,-120
chrVIII,219817,220158,201,chrVIII,220107,220500,YHR059W,5960,+,0,219987.5,-119.5
chrXII,958036,958391,297,chrXII,956913,958095,YLR418C,4815,-,0,958213.5,-118.5
chrXIV,668032,668483,358,chrXIV,668376,669591,YNR021W,5248,+,0,668257.5,-118.5
chrVI,40122,40474,146,chrVI,38842,40180,YFL048C,2429,-,0,40298,-118
chrXII,315842,316134,269,chrXII,316106,317951,YLR088W,4443,+,0,315988,-118
chrIII,23311,23681,42,chrIII,22428,23379,YCL059C,3516,-,0,23496,-117
chrXII,63641,63881,260,chrXII,54210,63645,YLL040C,4314,-,0,63761,-116
chrII,515345,515751,22,chrII,515663,517190,YBR139W,1135,+,0,515548,-115
chrV,115875,116228,128,chrV,116166,116970,YEL021W,185,+,0,116051.5,-114.5
chrIV,1056327,1056548,101,chrIV,1056550,1057600,YDR297W,1897,+,-3,1056437.5,-112.5
chrV,214623,215094,131,chrV,214075,214747,YER031C,247,-,0,214858.5,-111.5
chrVII,828804,829206,183,chrVII,829115,830153,YGR165W,4145,+,0,829005,-110
chrIV,1189291,1190062,110,chrIV,1189198,1189567,YDR357C,1963,-,0,1189676.5,-109.5
chrIX,235441,235725,125,chrIX,233056,235474,YIL068C,2281,-,0,235583,-109
chrX,529597,529905,232,chrX,529860,531366,YJR051W,737,+,0,529751,-109
chrXIV,366422,366840,346,chrXIV,366740,368321,YNL138W,5080,+,0,366631,-109
chrXII,515018,515287,277,chrXII,515261,516410,YLR180W,4555,+,0,515152.5,-108.5
chrIV,1072482,1072848,102,chrIV,1071879,1072557,YDR304C,1904,-,0,1072665,-108
chrXI,384644,385021,249,chrXI,382715,384725,YKL029C,2759,-,0,384832.5,-107.5
chrXII,963518,963835,298,chrXII,963784,964879,YLR420W,4817,+,0,963676.5,-107.5
chrXV,255014,255443,371,chrXV,255336,256101,YOL038W,3039,+,0,255228.5,-107.5
chrII,582089,582511,29,chrII,582407,583355,YBR175W,1173,+,0,582300,-107
chrX,333045,333454,220,chrX,333356,334094,YJL055W,630,+,0,333249.5,-106.5
chrXVI,720333,720726,426,chrXVI,720636,720960,YPR094W,5700,+,0,720529.5,-106.5
chrV,39521,39765,127,chrV,36534,39537,YEL061C,139,-,0,39643,-106
chrXVI,720333,720726,426,chrXVI,719557,720424,YPR093C,5699,-,0,720529.5,-105.5
chrIV,30380,30721,52,chrIV,30656,31829,YDL237W,1327,+,0,30550.5,-105.5
chrX,37785,38012,213,chrX,38004,39969,YJL209W,467,+,0,37898.5,-105.5
chrII,80650,80933,6,chrII,80896,81328,YBL077W,894,+,0,80791.5,-104.5
chrXVI,364634,365028,414,chrXVI,364385,364727,YPL098C,5503,-,0,364831,-104
chrVIII,219817,220158,201,chrVIII,218996,219884,YHR058C,5959,-,0,219987.5,-103.5
chrII,735933,736353,35,chrII,735719,736040,YBR262C,1271,-,0,736143,-103
chrII,779401,779731,38,chrII,778011,779463,YBR288C,1297,-,0,779566,-103
chrVIII,217793,218081,200,chrVIII,215182,217834,YHR056C,5956,-,0,217937,-103
chrXV,31528,31890,359,chrXV,28702,31606,YOL155C,2915,-,0,31709,-103
chrXII,246875,247320,265,chrXII,247200,247953,YLR052W,4407,+,0,247097.5,-102.5
chrVII,1017736,1017985,192,chrVII,1016973,1017759,YGR262C,4246,-,0,1017860.5,-101.5
chrXVI,689880,690129,425,chrXVI,690106,691789,YPR072W,5678,+,0,690004.5,-101.5
chrX,454584,454979,229,chrX,453682,454681,YJR009C,694,-,0,454781.5,-100.5
chrII,779401,779731,38,chrII,779666,782384,YBR289W,1298,+,0,779566,-100
chrXIV,391985,392548,347,chrXIV,390145,392167,YNL125C,5094,-,0,392266.5,-99.5
chrXVI,887763,888110,436,chrXVI,886523,887837,YPR173C,5794,-,0,887936.5,-99.5
chrIV,884440,884813,89,chrIV,884726,886865,YDR211W,1806,+,0,884626.5,-99.5
chrV,146701,147000,129,chrV,146950,147979,YEL004W,208,+,0,146850.5,-99.5
chrXVI,34982,35290,404,chrXVI,35235,37845,YPL268W,5323,+,0,35136,-99
chrVIII,298536,298879,206,chrVIII,297384,298609,YHR097C,6007,-,0,298707.5,-98.5
chrVIII,245952,246235,203,chrVIII,246192,248337,YHR074W,5982,+,0,246093.5,-98.5
chrVII,427896,428194,162,chrVII,427296,427947,YGL037C,3924,-,0,428045,-98
chrXVI,869900,870206,434,chrXVI,868644,869955,YPR163C,5781,-,0,870053,-98
chrX,73374,74002,214,chrX,73786,74611,YJL191W,486,+,0,73688,-98
chrXII,893355,893703,293,chrXII,893627,896270,YLR386W,4778,+,0,893529,-98
chrXI,403836,404172,250,chrXI,404101,405091,YKL018W,2772,+,0,404004,-97
chrIV,30380,30721,52,chrIV,28984,30454,YDL238C,1326,-,0,30550.5,-96.5
chrV,146701,147000,129,chrV,145906,146755,YEL005C,207,-,0,146850.5,-95.5
chrVII,636851,637090,174,chrVII,636146,636875,YGR075C,4045,-,0,636970.5,-95.5
chrXV,514246,514499,380,chrXV,513294,514278,YOR100C,3187,-,0,514372.5,-94.5
chrX,83816,84134,215,chrX,84067,85336,YJL183W,494,+,0,83975,-92
chrXIV,172201,172554,338,chrXIV,171440,172286,YNL252C,4962,-,0,172377.5,-91.5
chrV,316504,316875,133,chrV,314533,316600,YER077C,306,-,0,316689.5,-89.5
chrII,558440,558749,25,chrII,558684,559728,YBR159W,1156,+,0,558594.5,-89.5
chrIII,252530,252904,48,chrIII,250237,252628,YCR077C,3657,-,0,252717,-89
chrX,339601,339793,223,chrX,339786,342255,YJL051W,635,+,0,339697,-89
chrII,565464,565804,26,chrII,565722,567480,YBR163W,1161,+,0,565634,-88
chrXV,135779,136483,366,chrXV,136219,136405,YOL097W-A,2974,+,0,136131,-88
chrIII,23311,23681,42,chrIII,23583,23925,YCL058W-A,3518,+,0,23496,-87
chrIV,886984,887304,90,chrIV,887231,888911,YDR212W,1807,+,0,887144,-87
chrIV,465197,465742,75,chrIV,465050,465383,YDR010C,1586,-,0,465469.5,-86.5
chrX,507508,507809,231,chrX,507745,510085,YJR040W,726,+,0,507658.5,-86.5
chrXI,339386,339670,248,chrXI,339181,339442,YKL053C-A,2733,-,0,339528,-86
chrXII,388206,388964,272,chrXII,388671,388773,YLR120W-A,4477,+,0,388585,-86
chrXIII,252842,253871,312,chrXIII,253161,253272,YML007C-A,6294,-,0,253356.5,-84.5
chrXVI,584058,584389,422,chrXVI,584308,584563,YPR012W,5616,+,0,584223.5,-84.5
chrXV,554529,554779,381,chrXV,553175,554570,YOR123C,3211,-,0,554654,-84
chrXVI,459738,460018,418,chrXVI,459962,460559,YPL051W,5551,+,0,459878,-84
chrIV,1256791,1257069,114,chrIV,1254936,1256847,YDR390C,2003,-,0,1256930,-83
chrXV,109897,110529,363,chrXV,110296,110638,YOL109W,2960,+,0,110213,-83
chrII,749314,749592,36,chrII,748060,749371,YBR273C,1282,-,0,749453,-82
chrXV,779223,780354,388,chrXV,779869,780184,YOR235W,3333,+,0,779788.5,-80.5
chrIII,248765,249023,47,chrIII,248974,249202,YCR075W-A,3655,+,0,248894,-80
chrV,424309,424928,137,chrV,424698,424883,snR4,5863,+,0,424618.5,-79.5
chrIII,248765,249023,47,chrIII,248032,248815,YCR075C,3654,-,0,248894,-79
chrXIII,388560,388925,317,chrXIII,388821,390732,YMR058W,6366,+,0,388742.5,-78.5
chrIX,304048,304316,126,chrIX,303678,304104,YIL027C,2327,-,0,304182,-78
chrXVI,14260,14603,403,chrXVI,13227,14355,YPL279C,5314,-,0,14431.5,-76.5
chrXV,373370,373660,373,chrXV,372797,373439,YOR021C,3104,-,0,373515,-76
chrXI,161238,161595,239,chrXI,159455,161342,YKL155C,2623,-,0,161416.5,-74.5
chrXIII,649818,650105,323,chrXIII,650035,650812,YMR193W,6515,+,0,649961.5,-73.5
chrXII,781203,781701,288,chrXII,781142,781379,YLR325C,4712,-,0,781452,-73
chrXIII,460497,460702,319,chrXIII,459423,460527,YMR097C,6407,-,0,460599.5,-72.5
chrIV,1108358,1108781,105,chrIV,1108279,1108498,YDR320C-A,1923,-,0,1108569.5,-71.5
chrIV,1381958,1382276,116,chrIV,1380054,1382046,YDR458C,2072,-,0,1382117,-71
chrX,314781,315105,219,chrX,314113,314872,YJL066C,618,-,0,314943,-71
chrIV,345484,345702,66,chrIV,345664,351037,YDL058W,1515,+,0,345593,-71
chrXV,252565,252865,370,chrXV,251266,252646,YOL041C,3035,-,0,252715,-69
chrIV,979172,979381,95,chrIV,977520,979209,YDR261C,1857,-,0,979276.5,-67.5
chrXIV,664032,664373,357,chrXIV,664269,664944,YNR018W,5245,+,0,664202.5,-66.5
chrXI,220100,220418,244,chrXI,220323,220974,YKL117W,2663,+,0,220259,-64
chrIV,32098,32365,53,chrIV,32295,33234,YDL236W,1328,+,0,32231.5,-63.5
chrX,246292,246561,218,chrX,246489,246975,YJL096W,586,+,0,246426.5,-62.5
chrXIV,297557,297821,341,chrXIV,295959,297627,YNL182C,5032,-,0,297689,-62
chrXIII,439047,439243,318,chrXIII,439207,442090,YMR086W,6395,+,0,439145,-62
chrII,311703,311969,15,chrII,311897,314789,YBR038W,1021,+,0,311836,-61
chrII,80650,80933,6,chrII,80377,80731,YBL078C,893,-,0,80791.5,-60.5
chrX,191390,191765,217,chrX,191638,192298,YJL118W,564,+,0,191577.5,-60.5
chrVI,245969,246201,151,chrVI,246145,248134,YFR048W,2541,+,0,246085,-60
chrVIII,62518,62727,196,chrVIII,59122,62563,YHL023C,5859,-,0,62622.5,-59.5
chrX,436618,436867,226,chrX,436801,438610,YJR001W,685,+,0,436742.5,-58.5
chrVIII,491727,492018,207,chrVIII,491930,493658,YHR196W,6117,+,0,491872.5,-57.5
chrVII,321591,321858,158,chrVII,321781,323230,YGL097W,3862,+,0,321724.5,-56.5
chrXV,204427,204626,369,chrXV,202695,204471,YOL066C,3009,-,0,204526.5,-55.5
chrXV,566119,566374,382,chrXV,564475,566191,YOR128C,3216,-,0,566246.5,-55.5
chrVI,251699,252017,152,chrVI,250162,251803,YFR051C,2544,-,0,251858,-55
chrVII,497984,498194,165,chrVII,497132,498034,YGR001C,3964,-,0,498089,-55
chrXIV,254199,254528,340,chrXIV,254417,255017,YNL208W,5006,+,0,254363.5,-53.5
chrV,167431,167847,130,chrV,167427,167586,snR14,5869,-,0,167639,-53
chrXV,609123,609376,383,chrXV,608639,609197,YOR148C,3238,-,0,609249.5,-52.5
chrX,335746,335944,221,chrX,335897,337037,YJL053W,632,+,0,335845,-52
chrII,679924,680697,34,chrII,680361,680562,YBR230W-A,1237,+,0,680310.5,-50.5
chrIV,853917,854124,88,chrIV,852532,853972,YDR198C,1789,-,0,854020.5,-48.5
chrV,461616,461960,138,chrV,460525,461740,YER145C,389,-,0,461788,-48
chrXII,694207,694451,283,chrXII,694377,694800,YLR275W,4656,+,0,694329,-48
chrVII,999028,999347,191,chrVII,998357,999140,YGR253C,4237,-,0,999187.5,-47.5
chrII,786727,787188,40,chrII,787005,788430,YBR293W,1302,+,0,786957.5,-47.5
chrXIV,304503,304819,342,chrXIV,303685,304615,YNL177C,5037,-,0,304661,-46
chrX,658563,658906,235,chrX,656253,658689,YJR126C,812,-,0,658734.5,-45.5
chrIII,178618,179064,45,chrIII,178610,178798,snR189,6184,-,0,178841,-43
chrVII,448444,448712,163,chrVII,446411,448535,YGL026C,3935,-,0,448578,-43
chrXI,339386,339670,248,chrXI,339571,339946,YKL053W,2734,+,0,339528,-43
chrI,151104,151313,3,chrI,147593,151166,YAL001C,84,-,0,151208.5,-42.5
chrVIII,227038,227329,202,chrVIII,225524,227141,YHR064C,5966,-,0,227183.5,-42.5
chrVII,995496,995696,190,chrVII,995638,996229,YGR251W,4235,+,0,995596,-42
chrIV,453953,454207,72,chrIV,454121,454754,YDR003W,1578,+,0,454080,-41
chrIV,539603,539919,80,chrIV,539802,540414,YDR041W,1622,+,0,539761,-41
chrII,321551,321748,16,chrII,320415,321609,YBR042C,1025,-,0,321649.5,-40.5
chrXI,551416,551815,252,chrXI,551656,552242,YKR057W,2848,+,0,551615.5,-40.5
chrXI,605331,605585,255,chrXI,604404,605418,YKR088C,2880,-,0,605458,-40
chrXII,751678,751939,286,chrXII,749033,751769,YLR309C,4695,-,0,751808.5,-39.5
chrXII,720263,720553,284,chrXII,719788,720370,YLR292C,4676,-,0,720408,-38
chrXIII,21622,21852,304,chrXIII,20760,21699,YML125C,6162,-,0,21737,-38
chrIII,246783,247065,46,chrIII,246962,247910,YCR073W-A,3653,+,0,246924,-38
chrXIII,298726,298933,314,chrXIII,298867,300427,YMR014W,6318,+,0,298829.5,-37.5
chrXI,527140,527396,251,chrXI,526829,527231,YKR049C,2840,-,0,527268,-37
chrXII,283728,283941,267,chrXII,283871,285623,YLR077W,4432,+,0,283834.5,-36.5
chrXIV,308552,308744,343,chrXIV,307400,308612,YNL175C,5039,-,0,308648,-36
chrII,782404,782704,39,chrII,782590,783556,YBR290W,1299,+,0,782554,-36
chrVII,1063033,1063344,194,chrVII,1061851,1063153,YGR285C,4270,-,0,1063188.5,-35.5
chrXIV,668032,668483,358,chrXIV,667409,668222,YNR020C,5247,-,0,668257.5,-35.5
chrI,36362,36584,1,chrI,36508,37147,YAL059W,17,+,0,36473,-35
chrXVI,548321,548580,419,chrXVI,548485,550306,YPL005W,5598,+,0,548450.5,-34.5
chrVI,149828,150135,149,chrVI,150015,152535,YFR002W,2487,+,0,149981.5,-33.5
chrXIV,55819,56038,336,chrXIV,54121,55897,YNL308C,4903,-,0,55928.5,-31.5
chrIV,301242,301520,61,chrIV,301412,302234,YDL086W,1485,+,0,301381,-31
chrXVI,870553,870789,435,chrXVI,870702,874926,YPR164W,5782,+,0,870671,-31
chrXI,112381,112685,238,chrXI,110463,112503,YKL179C,2597,-,0,112533,-30
chrIV,375190,375439,69,chrIV,373966,375289,YDL044C,1530,-,0,375314.5,-25.5
chrXIII,848535,848788,331,chrXIII,848684,849809,YMR289W,6619,+,0,848661.5,-22.5
chrIV,1110444,1110697,106,chrIV,1110588,1111692,YDR322W,1926,+,0,1110570.5,-17.5
chrXIII,50860,51081,305,chrXIII,50030,50954,YML110C,6178,-,0,50970.5,-16.5
chrX,392094,392435,225,chrX,391832,392249,YJL027C,659,-,0,392264.5,-15.5
chrVI,167096,167449,150,chrVI,166745,167258,YFR011C,2498,-,0,167272.5,-14.5
chrXV,922810,923026,396,chrXV,921534,922905,YOR323C,3425,-,0,922918,-13
chrXIII,388560,388925,317,chrXIII,388358,388730,YMR057C,6365,-,0,388742.5,-12.5
chrXV,851741,851961,393,chrXV,850936,851839,YOR287C,3384,-,0,851851,-12
chrXVI,821336,822104,430,chrXVI,821732,821903,snR45,5875,+,0,821720,-12
chrXV,137705,137962,367,chrXV,136526,137825,YOL097C,2975,-,0,137833.5,-8.5
chrIV,971372,971582,93,chrIV,969989,971474,YDR257C,1853,-,0,971477,-3
chrX,449083,449316,228,chrX,449201,450665,YJR006W,691,+,0,449199.5,-1.5
chrXIII,625198,626433,322,chrXIII,625810,625897,YMR182W-A,6504,+,0,625815.5,5.5
chrXII,892767,893015,292,chrXII,888850,892900,YLR384C,4776,-,0,892891,9
chrXII,423393,424009,274,chrXII,423682,424774,YLR141W,4498,+,0,423701,19
chrXV,1089686,1091262,400,chrXV,1090014,1090497,YOR396C-A,3505,-,0,1090474,23
chrVII,887711,887978,187,chrVII,886072,887875,YGR194C,4176,-,0,887844.5,30.5
chrXIII,271361,271718,313,chrXIII,271346,271577,YMR001C-A,6303,-,0,271539.5,37.5
chrIV,976829,977550,94,chrIV,976716,977229,YDR260C,1856,-,0,977189.5,39.5
chrXV,842025,842881,391,chrXV,842403,842606,snR5,6161,+,0,842453,50
chrXV,135779,136483,366,chrXV,136088,136183,snR58,5836,-,0,136131,52
chrVIII,3947,5018,195,chrVIII,3725,4541,YHL049C,5829,-,0,4482.5,58.5
chrV,575324,576852,144,chrV,575679,576162,YER190C-B,447,-,0,576088,74
chrXII,1076765,1078147,302,chrXII,1077049,1077532,YLR467C-A,4869,-,0,1077456,76
chrVII,532486,532959,166,chrVII,532638,532941,YGR025W,3988,+,0,532722.5,84.5
chrIV,1108358,1108781,105,chrIV,1108483,1108621,YDR320W-B,1924,+,0,1108569.5,86.5
chrXVI,946472,948026,438,chrXVI,946855,947338,YPR204C-A,5826,-,0,947249,89
chrXV,110781,111102,364,chrXV,110962,111033,tG(UCC)O,5962,-,0,110941.5,91.5