peakName,gene,factorName
chrI_30778_31402,YAL062W,TBP
chrI_37196_37401,YAL058W,TBP
chrI_69536_69721,YAL039C,TBP
chrI_71382_71957,YAL038W,TBP
chrI_73039_73567,YAL037C-B,TBP
chrI_82538_82752,YAL033W,TBP
chrI_84535_84691,YAL031W-A,TBP
chrI_101112_101462,YAL025C,TBP
chrI_108568_108795,YAL023C,TBP
chrI_110459_110661,YAL022C,TBP
chrI_128062_128219,YAL015C,TBP
chrI_151974_152237,YAR002W,TBP
chrI_154711_154962,YAR002C-A,TBP
chrI_168951_169361,YAR015W,TBP
chrI_224858_225111,YAR070C,TBP
chrII_29708_29888,YBL100W-A,TBP
chrII_38408_39039,YBL098W,TBP
chrII_45380_45847,YBL092W,TBP
chrII_48655_48812,YBL090W,TBP
chrII_49372_49540,YBL089W,TBP
chrII_84173_84474,YBL076C,TBP
chrII_110522_110748,YBL059W,TBP
chrII_117340_117536,YBL054W,TBP
chrII_140254_140478,YBL042C,TBP
chrII_145701_145984,YBL039C,TBP
chrII_146821_147012,YBL037W,TBP
chrII_158397_158550,YBL034C,TBP
chrII_162611_164692,YBL030C,TBP
chrII_171222_171476,YBL025W,TBP
chrII_235054_237218,YBL003C,TBP
chrII_245607_245906,YBR004C,TBP
chrII_254871_257124,YBR009C,TBP
chrII_269533_269735,YBR015C,TBP
chrII_273982_281400,YBR019C,TBP
chrII_296015_296464,YBR028C,TBP
chrII_299847_300357,YBR031W,TBP
chrII_305914_306371,YBR034C,TBP
chrII_331454_331679,YBR046C,TBP
chrII_353345_353546,YBR057C,TBP
chrII_362511_362929,YBR060C,TBP
chrII_365712_365963,YBR061C,TBP
chrII_408577_409223,YBR083W,TBP
chrII_423213_423815,YBR087W,TBP
chrII_424749_425017,YBR089W,TBP
chrII_427514_427729,YBR091C,TBP
chrII_430949_431118,YBR093C,TBP
chrII_431771_432029,YBR094W,TBP
chrII_449450_449659,YBR103C-A,TBP
chrII_465834_466126,YBR112C,TBP
chrII_477269_479396,YBR118W,TBP
chrII_501526_501780,YBR132C,TBP
chrII_535056_535218,YBR146W,TBP
chrII_546144_546352,YBR152W,TBP
chrII_549530_549734,YBR155W,TBP
chrII_556112_556482,YBR158W,TBP
chrII_559863_560036,YBR160W,TBP
chrII_564632_565254,YBR162W-A,TBP
chrII_568461_568835,YBR165W,TBP
chrII_571217_571468,YBR166C,TBP
chrII_576000_576405,YBR169C,TBP
chrII_607134_607519,YBR191W-A,TBP
chrII_609778_609999,YBR193C,TBP
chrII_611887_612263,YBR195C,TBP
chrII_625518_625815,YBR202W,TBP
chrII_653089_653242,YBR215W,TBP
chrII_662328_662611,YBR218C,TBP
chrII_668334_668536,YBR222C,TBP
chrII_679846_682109,YBR230W-A,TBP
chrII_691737_691952,YBR237W,TBP
chrII_700026_700249,YBR239C,TBP
chrII_704338_704620,YBR242W,TBP
chrII_706794_706993,YBR243C,TBP
chrII_711357_711608,YBR245C,TBP
chrII_714439_714695,YBR247C,TBP
chrII_717987_718444,YBR249C,TBP
chrII_722389_722614,YBR252W,TBP
chrII_730179_730353,YBR258C,TBP
chrII_735549_735701,YBR261C,TBP
chrII_738411_738586,YBR265W,TBP
chrII_739603_739852,YBR267W,TBP
chrII_742578_742758,YBR269C,TBP
chrII_744684_744841,YBR271W,TBP
chrII_764693_764871,YBR280C,TBP
chrII_768104_768276,YBR282W,TBP
chrII_773746_773897,YBR285W,TBP
chrII_774372_774745,YBR286W,TBP
chrII_776313_776611,YBR287W,TBP
chrII_784592_784819,YBR291C,TBP
chrII_792472_792784,YBR295W,TBP
chrII_804813_805227,YBR298C-A,TBP
chrIII_12700_13107,YCL067C,TBP
chrIII_16792_17049,YCL064C,TBP
chrIII_22130_22303,YCL061C,TBP
chrIII_23381_23596,YCL058W-A,TBP
chrIII_31254_31491,YCL054W,TBP
chrIII_35411_35610,YCL052C,TBP
chrIII_38784_39049,YCL050C,TBP
chrIII_61157_61354,YCL035C,TBP
chrIII_107414_108053,snR43,TBP
chrIII_120342_122005,YCR004C,TBP
chrIII_137353_139286,YCR012W,TBP
chrIII_157144_157398,YCR021C,TBP
chrIII_162224_162727,YCR024C,TBP
chrIII_186143_186356,YCR033W,TBP
chrIII_190411_190639,YCR034W,TBP
chrIII_200105_200310,YCR039C,TBP
chrIII_206663_206899,YCR043C,TBP
chrIII_207972_208167,YCR044C,TBP
chrIII_242316_242604,YCR072C,TBP
chrIII_252597_252817,YCR077C,TBP
chrIII_254196_254349,YCR081W,TBP
chrIII_259250_259480,YCR083W,TBP
chrIII_264444_264701,YCR087C-A,TBP
chrIII_272904_273134,YCR090C,TBP
chrIII_286478_286734,YCR094W,TBP
chrIII_294185_294416,YCR097W-A,TBP
chrIII_310679_310948,YCR106W,TBP
chrIV_22373_22630,YDL240C-A,TBP
chrIV_30374_30656,YDL238C,TBP
chrIV_33937_34169,YDL235C,TBP
chrIV_45828_46153,YDL228C,TBP
chrIV_78227_78408,YDL212W,TBP
chrIV_94468_94614,YDL204W,TBP
chrIV_99235_99533,YDL201W,TBP
chrIV_115930_116381,YDL192W,TBP
chrIV_129973_130726,YDL184C,TBP
chrIV_134515_135270,YDL181W,TBP
chrIV_135382_135850,YDL180W,TBP
chrIV_145528_145950,YDL175C,TBP
chrIV_155828_156138,YDL170W,TBP
chrIV_172030_172467,YDL159W-A,TBP
chrIV_174715_174893,YDL156W,TBP
chrIV_183000_183300,YDL153C,TBP
chrIV_192453_192649,YDL146W,TBP
chrIV_219322_219649,YDL135C,TBP
chrIV_223906_224134,YDL132W,TBP
chrIV_242172_242545,YDL122W,TBP
chrIV_247913_248361,YDL117W,TBP
chrIV_264124_264484,YDL111C,TBP
chrIV_281854_282193,YDL101C,TBP
chrIV_300023_300202,YDL088C,TBP
chrIV_304829_305187,YDL084W,TBP
chrIV_310068_310506,YDL081C,TBP
chrIV_322918_323843,snR63,TBP
chrIV_330427_331076,YDL070W,TBP
chrIV_333879_334195,YDL069C,TBP
chrIV_337261_337521,YDL064W,TBP
chrIV_340160_340626,YDL063C,TBP
chrIV_341076_341588,YDL060W,TBP
chrIV_345456_345609,YDL058W,TBP
chrIV_352610_352763,YDL056W,TBP
chrIV_355352_357429,YDL055C,TBP
chrIV_362325_362633,YDL053C,TBP
chrIV_364859_365049,YDL050C,TBP
chrIV_368228_368467,YDL048C,TBP
chrIV_376549_376733,YDL043C,TBP
chrIV_393955_394185,YDL031W,TBP
chrIV_426870_427365,YDL015C,TBP
chrIV_428240_428896,YDL013W,TBP
chrIV_439465_439698,YDL006W,TBP
chrIV_444031_444658,YDL003W,TBP
chrIV_452564_453060,YDR002W,TBP
chrIV_461256_461907,YDR007W,TBP
chrIV_462289_462696,YDR008C,TBP
chrIV_471609_472015,YDR012W,TBP
chrIV_486503_486794,YDR021W,TBP
chrIV_490854_491011,YDR024W,TBP
chrIV_507556_508117,YDR033W,TBP
chrIV_521547_521823,YDR035W,TBP
chrIV_524724_525490,YDR037W,TBP
chrIV_530691_531357,YDR038C,TBP
chrIV_534585_535220,YDR039C,TBP
chrIV_552986_553227,YDR049W,TBP
chrIV_562407_562641,YDR054C,TBP
chrIV_569707_569893,YDR059C,TBP
chrIV_570456_570651,YDR060W,TBP
chrIV_579212_580684,YDR064W,TBP
chrIV_591344_592448,YDR073W,TBP
chrIV_596826_596989,YDR075W,TBP
chrIV_600448_602360,YDR077W,TBP
chrIV_610103_610409,YDR081C,TBP
chrIV_611959_612167,YDR083W,TBP
chrIV_687902_688207,YDR119W,TBP
chrIV_702989_703206,YDR126W,TBP
chrIV_718502_718662,YDR131C,TBP
chrIV_727986_728142,YDR137W,TBP
chrIV_743943_744303,YDR143C,TBP
chrIV_751105_751392,YDR147W,TBP
chrIV_765155_765737,YDR152W,TBP
chrIV_767990_768257,YDR153C,TBP
chrIV_770001_770421,YDR158W,TBP
chrIV_771504_771778,YDR159W,TBP
chrIV_789230_789406,YDR166C,TBP
chrIV_811570_812412,YDR174W,TBP
chrIV_816581_816829,YDR177W,TBP
chrIV_829339_829579,YDR183W,TBP
chrIV_831515_831884,YDR184C,TBP
chrIV_838059_838208,YDR189W,TBP
chrIV_841941_842171,YDR190C,TBP
chrIV_848225_848486,YDR195W,TBP
chrIV_853976_854158,YDR198C,TBP
chrIV_861650_861840,YDR206W,TBP
chrIV_886940_887226,YDR212W,TBP
chrIV_892198_892946,YDR214W,TBP
chrIV_893813_894931,YDR215C,TBP
chrIV_913789_916537,YDR225W,TBP
chrIV_917194_917494,YDR227W,TBP
chrIV_923794_924024,YDR228C,TBP
chrIV_930807_931165,YDR234W,TBP
chrIV_945197_945481,YDR240C,TBP
chrIV_955550_955820,YDR247W,TBP
chrIV_974173_975021,YDR258C,TBP
chrIV_1005242_1005656,YDR270W,TBP
chrIV_1012026_1012203,YDR275W,TBP
chrIV_1022324_1022495,YDR281C,TBP
chrIV_1030100_1030548,YDR283C,TBP
chrIV_1039500_1039743,YDR291W,TBP
chrIV_1058813_1059321,YDR298C,TBP
chrIV_1062762_1062960,YDR300C,TBP
chrIV_1067455_1067714,YDR302W,TBP
chrIV_1072548_1072810,YDR304C,TBP
chrIV_1073432_1073686,YDR305C,TBP
chrIV_1090136_1090390,YDR313C,TBP
chrIV_1092552_1092757,YDR314C,TBP
chrIV_1110152_1110340,YDR322W,TBP
chrIV_1116660_1116882,YDR324C,TBP
chrIV_1125043_1125206,YDR327W,TBP
chrIV_1126004_1126175,YDR328C,TBP
chrIV_1145995_1146310,YDR337W,TBP
chrIV_1149484_1149634,YDR338C,TBP
chrIV_1153594_1156305,YDR342C,TBP
chrIV_1159745_1161745,YDR343C,TBP
chrIV_1174166_1174693,YDR349C,TBP
chrIV_1178145_1178605,YDR350C,TBP
chrIV_1184534_1184764,YDR354W,TBP
chrIV_1189556_1189721,YDR357C,TBP
chrIV_1196214_1196362,YDR361C,TBP
chrIV_1233469_1234370,YDR380W,TBP
chrIV_1235859_1237709,YDR381W,TBP
chrIV_1239208_1239591,YDR382W,TBP
chrIV_1241991_1243435,YDR385W,TBP
chrIV_1245657_1245926,YDR386W,TBP
chrIV_1267276_1267469,YDR398W,TBP
chrIV_1269388_1270147,YDR399W,TBP
chrIV_1287987_1288235,YDR407C,TBP
chrIV_1317806_1317970,YDR422C,TBP
chrIV_1319838_1320006,YDR424C,TBP
chrIV_1324231_1324419,YDR428C,TBP
chrIV_1328504_1328875,YDR432W,TBP
chrIV_1330981_1331178,YDR434W,TBP
chrIV_1339406_1339612,YDR439W,TBP
chrIV_1358864_1359049,YDR449C,TBP
chrIV_1369569_1369742,YDR457W,TBP
chrIV_1382039_1382262,YDR458C,TBP
chrIV_1388679_1388827,YDR464W,TBP
chrIV_1422590_1422740,YDR484W,TBP
chrIV_1427228_1427436,YDR485C,TBP
chrIV_1430824_1431017,YDR489W,TBP
chrIV_1435922_1436167,YDR493W,TBP
chrIV_1443355_1443773,YDR496C,TBP
chrIV_1445398_1445744,YDR497C,TBP
chrIV_1459284_1459767,YDR505C,TBP
chrIV_1465772_1466642,YDR507C,TBP
chrIV_1494177_1494369,YDR528W,TBP
chrIV_1530921_1531100,YDR545C-A,TBP
chrIX_5694_6328,YIL177C,TBP
chrIX_47513_47764,YIL156W-B,TBP
chrIX_77888_78053,YIL144W,TBP
chrIX_100523_100695,YIL132C,TBP
chrIX_102256_102442,YIL131C,TBP
chrIX_122078_122667,YIL125W,TBP
chrIX_125783_126272,YIL124W,TBP
chrIX_127217_128174,YIL123W,TBP
chrIX_137919_138229,YIL119C,TBP
chrIX_139507_139720,YIL118W,TBP
chrIX_141579_141833,YIL117C,TBP
chrIX_165836_166081,YIL107C,TBP
chrIX_166226_166471,YIL106W,TBP
chrIX_171474_171736,YIL104C,TBP
chrIX_173619_173935,YIL102C-A,TBP
chrIX_187626_187979,YIL094C,TBP
chrIX_188838_189011,YIL093C,TBP
chrIX_202054_202295,YIL085C,TBP
chrIX_203261_203491,YIL084C,TBP
chrIX_220661_221079,YIL075C,TBP
chrIX_243540_243973,YIL063C,TBP
chrIX_244397_244628,YIL062C,TBP
chrIX_254550_255118,YIL053W,TBP
chrIX_258239_258840,YIL051C,TBP
chrIX_259883_260195,YIL049W,TBP
chrIX_274919_275091,YIL043C,TBP
chrIX_278082_278368,YIL039W,TBP
chrIX_285357_285602,YIL036W,TBP
chrIX_288929_289251,YIL035C,TBP
chrIX_310390_310853,YIL023C,TBP
chrIX_316506_317258,YIL018W,TBP
chrIX_356969_357190,YIR001C,TBP
chrIX_360704_360870,YIR003W,TBP
chrIX_362919_363265,YIR004W,TBP
chrIX_374300_374483,YIR008C,TBP
chrIX_397065_397257,YIR021W,TBP
chrIX_414715_415129,YIR031C,TBP
chrIX_422903_423101,YIR037W,TBP
chrV_5573_5939,YEL075C,TBP
chrV_13473_13702,YEL072W,TBP
chrV_26466_26646,YEL066W,TBP
chrV_43021_43309,YEL058W,TBP
chrV_52093_52818,snR80,TBP
chrV_59182_59517,YEL050W-A,TBP
chrV_65141_65363,YEL048C,TBP
chrV_66819_69328,YEL046C,TBP
chrV_73385_73677,YEL042W,TBP
chrV_75554_75750,YEL041W,TBP
chrV_77766_79677,YEL040W,TBP
chrV_82667_83062,YEL037C,TBP
chrV_89848_90306,YEL031W,TBP
chrV_101256_101981,YEL026W,TBP
chrV_136201_136350,YEL010W,TBP
chrV_141435_141779,YEL007W,TBP
chrV_148080_148233,YEL003W,TBP
chrV_150024_150228,YEL002C,TBP
chrV_160382_160532,YER005W,TBP
chrV_162536_162753,YER006W,TBP
chrV_164282_164530,YER007W,TBP
chrV_166844_167125,YER007C-A,TBP
chrV_167249_167870,snR14,TBP
chrV_178453_178791,YER013W,TBP
chrV_191794_192019,YER017C,TBP
chrV_221774_221921,YER034W,TBP
chrV_225146_225907,YER036C,TBP
chrV_228258_228475,YER038W-A,TBP
chrV_272206_272508,YER059W,TBP
chrV_279649_279896,YER061C,TBP
chrV_286876_287660,YER065C,TBP
chrV_292332_292576,YER067C-A,TBP
chrV_301424_302937,YER071C,TBP
chrV_316574_316850,YER077C,TBP
chrV_319689_319899,YER080W,TBP
chrV_325943_326182,YER082C,TBP
chrV_328254_328487,YER086W,TBP
chrV_335158_335542,YER088C,TBP
chrV_337360_337916,YER089C,TBP
chrV_347689_347869,YER093C,TBP
chrV_372000_372315,YER105C,TBP
chrV_382150_382336,YER110C,TBP
chrV_390126_390390,YER113C,TBP
chrV_396489_397271,YER117W,TBP
chrV_401898_402389,YER121W,TBP
chrV_415612_415793,YER128W,TBP
chrV_424182_425266,snR4,TBP
chrV_437804_438122,YER134C,TBP
chrV_464935_465210,YER148W,TBP
chrV_465362_466399,YER147C-A,TBP
chrV_500377_500609,YER161C,TBP
chrV_502962_503148,YER162C,TBP
chrV_504766_505173,YER164W,TBP
chrV_512365_512512,YER166W,TBP
chrV_536025_536314,YER173W,TBP
chrV_540343_540560,YER175C,TBP
chrV_553941_554168,YER183C,TBP
chrV_562698_563238,YER186C,TBP
chrV_575371_575571,YER190C-A,TBP
chrVI_620_830,YFL067W,TBP
chrVI_2376_2715,YFL066C,TBP
chrVI_3430_3592,YFL065C,TBP
chrVI_3747_4079,YFL064C,TBP
chrVI_16430_16828,YFL055W,TBP
chrVI_36554_36830,YFL049W,TBP
chrVI_40163_40402,YFL048C,TBP
chrVI_48958_49107,YFL041W,TBP
chrVI_58441_58632,YFL036W,TBP
chrVI_104508_104745,YFL017C,TBP
chrVI_130966_131778,YFL004W,TBP
chrVI_146948_147157,YFL001W,TBP
chrVI_148858_149119,YFR001W,TBP
chrVI_194470_194712,YFR021W,TBP
chrVI_210087_210251,YFR028C,TBP
chrVI_223074_223378,YFR032C-A,TBP
chrVI_233861_234015,YFR040W,TBP
chrVI_241421_241584,YFR044C,TBP
chrVI_248065_248450,YFR049W,TBP
chrVI_253286_253569,YFR052C-A,TBP
chrVII_27450_27708,YGL252C,TBP
chrVII_36863_37010,YGL247W,TBP
chrVII_45195_45436,YGL242C,TBP
chrVII_53565_53720,YGL237C,TBP
chrVII_55950_56467,YGL234W,TBP
chrVII_58933_59105,YGL233W,TBP
chrVII_61897_62111,YGL232W,TBP
chrVII_63589_63819,YGL231C,TBP
chrVII_89374_89974,YGL214W,TBP
chrVII_91251_91460,YGL212W,TBP
chrVII_98768_98951,YGL207W,TBP
chrVII_107519_107735,YGL206C,TBP
chrVII_129679_129897,YGL196W,TBP
chrVII_148556_148723,YGL189C,TBP
chrVII_167601_167806,YGL177W,TBP
chrVII_213737_213968,YGL155W,TBP
chrVII_257245_257573,YGL133W,TBP
chrVII_269067_269351,YGL129C,TBP
chrVII_272224_272426,YGL125W,TBP
chrVII_280367_280898,YGL122C,TBP
chrVII_303429_303639,YGL109W,TBP
chrVII_310669_312276,YGL102C,TBP
chrVII_313003_313257,YGL100W,TBP
chrVII_314395_314608,YGL099W,TBP
chrVII_334542_334816,YGL093W,TBP
chrVII_337589_337856,YGL092W,TBP
chrVII_345712_346538,snR10,TBP
chrVII_355503_355779,YGL082W,TBP
chrVII_361824_362180,YGL078C,TBP
chrVII_364941_365284,snR39,TBP
chrVII_365840_366839,snR39B,TBP
chrVII_377295_377504,YGL066W,TBP
chrVII_381255_381401,YGL065C,TBP
chrVII_391957_392154,YGL059W,TBP
chrVII_397999_398704,YGL055W,TBP
chrVII_418630_418804,YGL041W-A,TBP
chrVII_439614_440061,YGL029W,TBP
chrVII_454556_454880,YGL021W,TBP
chrVII_461440_461665,YGL016W,TBP
chrVII_479306_483236,YGL008C,TBP
chrVII_485450_485612,YGL006W-A,TBP
chrVII_498009_498244,YGR001C,TBP
chrVII_499900_500134,YGR002C,TBP
chrVII_512862_513033,YGR012W,TBP
chrVII_516181_516845,YGR014W,TBP
chrVII_528820_529149,YGR023W,TBP
chrVII_533924_535515,YGR027C,TBP
chrVII_546116_546449,YGR030C,TBP
chrVII_575050_575385,YGR040W,TBP
chrVII_590947_591238,YGR049W,TBP
chrVII_607364_607522,YGR059W,TBP
chrVII_615983_616410,YGR061C,TBP
chrVII_624691_625399,YGR067C,TBP
chrVII_627109_627338,YGR068C,TBP
chrVII_627651_627828,YGR070W,TBP
chrVII_634057_634291,YGR071C,TBP
chrVII_635584_635735,YGR074W,TBP
chrVII_636909_637115,YGR075C,TBP
chrVII_641831_641987,YGR080W,TBP
chrVII_646825_647027,YGR083C,TBP
chrVII_656365_656755,YGR089W,TBP
chrVII_671833_672337,YGR094W,TBP
chrVII_676351_676589,YGR095C,TBP
chrVII_678166_678680,YGR097W,TBP
chrVII_695165_695456,YGR103W,TBP
chrVII_698365_698576,YGR104C,TBP
chrVII_702362_702768,YGR107W,TBP
chrVII_703146_703511,YGR108W,TBP
chrVII_706479_706716,YGR109C,TBP
chrVII_713066_713585,YGR110W,TBP
chrVII_750071_750402,YGR128C,TBP
chrVII_753798_754039,YGR130C,TBP
chrVII_765698_765990,YGR139W,TBP
chrVII_781608_781799,YGR145W,TBP
chrVII_784855_785535,YGR146C-A,TBP
chrVII_795511_796066,YGR152C,TBP
chrVII_801689_802386,YGR157W,TBP
chrVII_806042_806437,YGR158C,TBP
chrVII_830292_830445,YGR166W,TBP
chrVII_835918_836101,YGR169C,TBP
chrVII_836634_836908,YGR169C-A,TBP
chrVII_848421_848719,YGR175C,TBP
chrVII_858561_859937,YGR183C,TBP
chrVII_867442_867817,YGR185C,TBP
chrVII_871387_871576,YGR187C,TBP
chrVII_875133_875326,YGR188C,TBP
chrVII_879862_880281,YGR191W,TBP
chrVII_882409_884158,YGR192C,TBP
chrVII_897289_897521,YGR199W,TBP
chrVII_908755_909177,YGR204C-A,TBP
chrVII_921771_922121,YGR215W,TBP
chrVII_924433_924662,YGR216C,TBP
chrVII_931706_932321,YGR218W,TBP
chrVII_938996_939992,snR7-L,TBP
chrVII_959660_961492,YGR234W,TBP
chrVII_962057_962508,YGR235C,TBP
chrVII_968752_968925,YGR238C,TBP
chrVII_970059_970238,YGR239C,TBP
chrVII_973656_974292,YGR240C,TBP
chrVII_976662_977478,YGR243W,TBP
chrVII_1000522_1001010,YGR254W,TBP
chrVII_1021781_1022021,YGR264C,TBP
chrVII_1025828_1026054,YGR267C,TBP
chrVII_1038455_1038746,YGR271C-A,TBP
chrVII_1051710_1051867,YGR280C,TBP
chrVII_1063129_1063342,YGR285C,TBP
chrVII_1089434_1089629,YGR296C-A,TBP
chrVIII_105426_106078,YHR001W,TBP
chrVIII_108515_108687,YHR002W,TBP
chrVIII_113131_113492,YHR004C,TBP
chrVIII_127425_127741,YHR011W,TBP
chrVIII_138481_138658,YHR016C,TBP
chrVIII_170358_170812,YHR030C,TBP
chrVIII_173092_173277,YHR032W,TBP
chrVIII_180062_180329,YHR036W,TBP
chrVIII_186838_187189,YHR039C,TBP
chrVIII_198315_198637,YHR046C,TBP
chrVIII_206228_206479,YHR049W,TBP
chrVIII_207176_207587,YHR049C-A,TBP
chrVIII_210140_210876,YHR052W,TBP
chrVIII_212293_216179,YHR054C,TBP
chrVIII_218837_218990,YHR057C,TBP
chrVIII_219894_220085,YHR058C,TBP
chrVIII_222435_222782,YHR061C,TBP
chrVIII_228994_229329,YHR065C,TBP
chrVIII_238740_239065,YHR072W,TBP
chrVIII_276472_276810,YHR085W,TBP
chrVIII_277817_278027,YHR086W,TBP
chrVIII_283247_283502,YHR089C,TBP
chrVIII_286812_287085,YHR091C,TBP
chrVIII_288836_289050,YHR092C,TBP
chrVIII_296480_296643,YHR096C,TBP
chrVIII_298602_298820,YHR097C,TBP
chrVIII_314725_314992,YHR100C,TBP
chrVIII_320010_320285,YHR103W,TBP
chrVIII_328052_328323,YHR108W,TBP
chrVIII_332847_333067,YHR111W,TBP
chrVIII_353316_353623,YHR122W,TBP
chrVIII_367950_368111,YHR131C,TBP
chrVIII_381201_382109,snR32,TBP
chrVIII_384697_385573,YHR143W,TBP
chrVIII_396699_397055,YHR149C,TBP
chrVIII_401195_401382,YHR152W,TBP
chrVIII_412111_412278,YHR156C,TBP
chrVIII_437007_437180,YHR165C,TBP
chrVIII_439137_439283,YHR167W,TBP
chrVIII_440152_440339,YHR168W,TBP
chrVIII_441914_442197,YHR169W,TBP
chrVIII_443632_443827,YHR170W,TBP
chrVIII_450947_453038,YHR174W,TBP
chrVIII_472400_472660,YHR184W,TBP
chrVIII_490476_490654,YHR195W,TBP
chrVIII_493729_493925,YHR197W,TBP
chrVIII_497263_497451,YHR198C,TBP
chrVIII_501111_501326,YHR201C,TBP
chrVIII_519165_519466,YHR209W,TBP
chrVIII_540603_540760,YHR213W-B,TBP
chrVIII_549247_549724,YHR214C-C,TBP
chrVIII_551418_551798,YHR214C-E,TBP
chrVIII_553902_554382,YHR216W,TBP
chrX_41169_41434,YJL208C,TBP
chrX_63475_63776,YJL197W,TBP
chrX_73484_74524,YJL191W,TBP
chrX_75682_76075,YJL189W,TBP
chrX_79256_80183,YJL186W,TBP
chrX_88561_88769,YJL180C,TBP
chrX_97499_97734,YJL172W,TBP
chrX_118902_119787,YJL160C,TBP
chrX_120066_122621,YJL159W,TBP
chrX_130706_131079,YJL155C,TBP
chrX_134033_134296,YJL154C,TBP
chrX_154520_154992,YJL138C,TBP
chrX_156159_156528,YJL136W-A,TBP
chrX_157147_157541,YJL136C,TBP
chrX_159823_160036,YJL133C-A,TBP
chrX_180256_180630,YJL127W-A,TBP
chrX_180719_181940,YJL127C-B,TBP
chrX_191428_191772,YJL118W,TBP
chrX_192264_192559,YJL117W,TBP
chrX_198347_198503,YJL113W,TBP
chrX_211588_211821,YJL110C,TBP
chrX_217282_217608,YJL109C,TBP
chrX_227776_228809,snR37,TBP
chrX_239093_239398,YJL099W,TBP
chrX_245442_245602,YJL097W,TBP
chrX_257134_257289,YJL092W,TBP
chrX_262455_262671,YJL091C,TBP
chrX_265042_265190,YJL090C,TBP
chrX_285305_285475,YJL081C,TBP
chrX_305879_306028,YJL072C,TBP
chrX_315572_315725,YJL065C,TBP
chrX_319756_320009,YJL061W,TBP
chrX_333180_333400,YJL055W,TBP
chrX_335759_335917,YJL053W,TBP
chrX_342242_342530,YJL050W,TBP
chrX_365518_365752,YJL041W,TBP
chrX_381662_383874,YJL033W,TBP
chrX_393677_393932,YJL025W,TBP
chrX_398375_398573,YJL023C,TBP
chrX_405057_405496,YJL016W,TBP
chrX_411053_411337,YJL013C,TBP
chrX_434961_435205,YJL001W,TBP
chrX_454615_454926,YJR009C,TBP
chrX_460207_460364,YJR013W,TBP
chrX_477702_478366,YJR028W,TBP
chrX_486212_486593,YJR030C,TBP
chrX_519360_522049,YJR045C,TBP
chrX_525960_527038,YJR048W,TBP
chrX_545177_545776,YJR058C,TBP
chrX_569395_569617,YJR069C,TBP
chrX_572145_572350,YJR072C,TBP
chrX_573750_573974,YJR075W,TBP
chrX_581637_581884,YJR080C,TBP
chrX_582336_582603,YJR082C,TBP
chrX_608676_609783,YJR095W,TBP
chrX_612003_612231,YJR097W,TBP
chrX_620182_620809,YJR103W,TBP
chrX_640345_640732,YJR116W,TBP
chrX_644108_644254,YJR118C,TBP
chrX_648824_649541,YJR122W,TBP
chrX_651633_652784,YJR123W,TBP
chrX_654181_654358,YJR124C,TBP
chrX_655947_656109,YJR125C,TBP
chrX_663415_664293,snR3,TBP
chrX_669350_669542,YJR132W,TBP
chrX_678707_678907,YJR136C,TBP
chrX_696926_697133,YJR142W,TBP
chrX_700585_700934,YJR144W,TBP
chrX_730122_730272,YJR157W,TBP
chrXI_20767_24443,YKL217W,TBP
chrXI_30699_31002,YKL215C,TBP
chrXI_49794_50081,YKL205W,TBP
chrXI_80867_81018,YKL191W,TBP
chrXI_88669_89083,YKL188C,TBP
chrXI_93972_94384,YKL185W,TBP
chrXI_96149_96666,YKL184W,TBP
chrXI_99947_100660,YKL182W,TBP
chrXI_106754_107215,YKL181W,TBP
chrXI_125579_125825,YKL172W,TBP
chrXI_142723_143764,YKL164C,TBP
chrXI_152950_153340,YKL160W,TBP
chrXI_161318_161557,YKL155C,TBP
chrXI_163284_165170,YKL152C,TBP
chrXI_168764_169202,YKL149C,TBP
chrXI_171053_171806,YKL148C,TBP
chrXI_173984_174241,YKL145W,TBP
chrXI_176488_176778,YKL143W,TBP
chrXI_180354_180563,YKL140W,TBP
chrXI_182664_182858,YKL139W,TBP
chrXI_200209_200445,YKL129C,TBP
chrXI_207983_208240,YKL125W,TBP
chrXI_222914_223320,YKL115C,TBP
chrXI_224495_224684,YKL114C,TBP
chrXI_229897_230378,YKL110C,TBP
chrXI_231678_232196,YKL109W,TBP
chrXI_233004_234399,YKL108W,TBP
chrXI_248502_248796,YKL101W,TBP
chrXI_273183_273372,YKL089W,TBP
chrXI_277907_278205,YKL087C,TBP
chrXI_279984_280543,YKL084W,TBP
chrXI_282319_282543,YKL082C,TBP
chrXI_283093_283571,snR38,TBP
chrXI_284382_284988,YKL080W,TBP
chrXI_286136_286562,YKL079W,TBP
chrXI_291107_291435,YKL077W,TBP
chrXI_316955_317666,YKL065C,TBP
chrXI_326130_327829,YKL060C,TBP
chrXI_333959_334609,YKL057C,TBP
chrXI_334766_335389,YKL056C,TBP
chrXI_338676_339181,YKL054C,TBP
chrXI_339435_339626,YKL053W,TBP
chrXI_346759_346925,YKL049C,TBP
chrXI_349166_349520,YKL047W,TBP
chrXI_361781_361971,YKL040C,TBP
chrXI_365212_365371,YKL038W,TBP
chrXI_369616_369859,YKL035W,TBP
chrXI_387179_387539,YKL027W,TBP
chrXI_389880_390396,YKL026C,TBP
chrXI_398605_398841,YKL021C,TBP
chrXI_448051_448244,YKR004C,TBP
chrXI_461269_461614,YKR010C,TBP
chrXI_463561_463998,YKR013W,TBP
chrXI_469314_469752,YKR016W,TBP
chrXI_514669_515701,YKR039W,TBP
chrXI_521653_521980,YKR043C,TBP
chrXI_533462_534073,YKR052C,TBP
chrXI_549275_549613,YKR056W,TBP
chrXI_552287_552746,YKR058W,TBP
chrXI_556221_556525,YKR060W,TBP
chrXI_557194_557743,YKR061W,TBP
chrXI_558850_559646,snR42,TBP
chrXI_562307_562453,YKR063C,TBP
chrXI_565916_566164,YKR065C,TBP
chrXI_583319_583678,YKR077W,TBP
chrXI_596840_597023,YKR083C,TBP
chrXI_635508_635656,YKR099W,TBP
chrXII_9890_10042,YLL066C,TBP
chrXII_17845_17998,YLL061W,TBP
chrXII_52601_53119,YLL042C,TBP
chrXII_63705_64048,YLL040C,TBP
chrXII_66533_66740,YLL037W,TBP
chrXII_86957_87367,YLL027W,TBP
chrXII_95145_98001,YLL024C,TBP
chrXII_98880_99031,YLL023C,TBP
chrXII_100498_100829,YLL021W,TBP
chrXII_108989_109215,YLL018C-A,TBP
chrXII_127371_127547,YLL011W,TBP
chrXII_156309_156489,YLR002C,TBP
chrXII_157705_158048,YLR003C,TBP
chrXII_174940_175166,YLR014C,TBP
chrXII_183462_183622,YLR021W,TBP
chrXII_184871_185374,YLR022C,TBP
chrXII_201335_202835,YLR029C,TBP
chrXII_204651_204812,YLR032W,TBP
chrXII_230476_230664,YLR042C,TBP
chrXII_231967_232869,YLR043C,TBP
chrXII_246126_246309,YLR050C,TBP
chrXII_246955_247237,YLR052W,TBP
chrXII_253533_253900,YLR056W,TBP
chrXII_254902_255270,YLR057W,TBP
chrXII_273902_274191,YLR069C,TBP
chrXII_281653_281962,YLR073C,TBP
chrXII_282463_283889,YLR075W,TBP
chrXII_288869_292452,YLR081W,TBP
chrXII_363770_364086,YLR107W,TBP
chrXII_371060_371634,YLR113W,TBP
chrXII_380726_380896,YLR116W,TBP
chrXII_390281_390445,YLR121C,TBP
chrXII_398359_398517,YLR128W,TBP
chrXII_432038_432208,YLR145W,TBP
chrXII_434468_434637,YLR148W,TBP
chrXII_442692_442987,YLR151C,TBP
chrXII_483729_483879,YLR158C,TBP
chrXII_498657_499802,YLR167W,TBP
chrXII_505805_506211,YLR175W,TBP
chrXII_514765_514933,YLR179C,TBP
chrXII_517684_517922,YLR181C,TBP
chrXII_523225_523672,YLR186W,TBP
chrXII_540491_540929,YLR193C,TBP
chrXII_545722_546142,YLR197W,TBP
chrXII_547437_547772,YLR198C,TBP
chrXII_548770_549027,YLR200W,TBP
chrXII_550243_550467,YLR201C,TBP
chrXII_612146_612294,YLR236C,TBP
chrXII_620297_620448,YLR241W,TBP
chrXII_623868_624156,YLR242C,TBP
chrXII_626309_626634,YLR244C,TBP
chrXII_633921_634249,YLR248W,TBP
chrXII_636496_640336,YLR249W,TBP
chrXII_650841_651114,YLR256W-A,TBP
chrXII_668890_669471,YLR262C,TBP
chrXII_673354_674062,YLR264C-A,TBP
chrXII_679919_680110,YLR268W,TBP
chrXII_680991_681141,YLR270W,TBP
chrXII_696820_697085,YLR276C,TBP
chrXII_708230_708496,YLR285C-A,TBP
chrXII_712082_712551,YLR287C,TBP
chrXII_714855_715035,YLR288C,TBP
chrXII_720407_720738,YLR292C,TBP
chrXII_721372_722014,YLR293C,TBP
chrXII_747141_747322,YLR307C-A,TBP
chrXII_762340_762602,YLR313C,TBP
chrXII_777839_778051,YLR321C,TBP
chrXII_790166_790452,YLR332W,TBP
chrXII_805600_806608,YLR340W,TBP
chrXII_809394_809889,YLR342W,TBP
chrXII_815561_815879,YLR342W-A,TBP
chrXII_826447_827033,YLR347C,TBP
chrXII_830713_830965,YLR352W,TBP
chrXII_837202_839927,YLR355C,TBP
chrXII_840179_840346,YLR356W,TBP
chrXII_844067_844229,YLR358C,TBP
chrXII_845663_846065,YLR360W,TBP
chrXII_849138_849333,YLR361C,TBP
chrXII_853775_854005,YLR364W,TBP
chrXII_856804_857066,snR44,TBP
chrXII_857294_857538,YLR368W,TBP
chrXII_862218_862609,YLR370C,TBP
chrXII_866798_867314,YLR372W,TBP
chrXII_873530_873824,YLR376C,TBP
chrXII_879546_879725,YLR381W,TBP
chrXII_885044_885242,YLR383W,TBP
chrXII_912282_912555,YLR396C,TBP
chrXII_914845_915054,YLR397C,TBP
chrXII_924436_924582,YLR401C,TBP
chrXII_928566_928754,YLR404W,TBP
chrXII_932650_932798,YLR407W,TBP
chrXII_937191_937546,YLR409C,TBP
chrXII_940931_941498,YLR410W-A,TBP
chrXII_946331_947129,YLR411W,TBP
chrXII_954167_954424,YLR414C,TBP
chrXII_990595_990890,YLR429W,TBP
chrXII_992950_993207,YLR430W,TBP
chrXII_1006049_1006363,YLR435W,TBP
chrXII_1011272_1011630,YLR436C,TBP
chrXII_1017735_1018184,YLR440C,TBP
chrXII_1022248_1022524,YLR442C,TBP
chrXII_1030537_1030824,YLR449W,TBP
chrXII_1043002_1043179,YLR453C,TBP
chrXII_1053122_1053456,YLR455W,TBP
chrXII_1070421_1070625,YLR466C-A,TBP
chrXII_1077092_1077308,YLR467C-A,TBP
chrXIII_4550_4913,YML133C,TBP
chrXIII_13189_13569,YML130C,TBP
chrXIII_23659_26108,YML123C,TBP
chrXIII_43503_44026,YML114C,TBP
chrXIII_54514_54799,YML108W,TBP
chrXIII_56224_56640,YML107C,TBP
chrXIII_79704_79924,YML096W,TBP
chrXIII_82907_83136,YML093W,TBP
chrXIII_99460_99772,YML084W,TBP
chrXIII_104577_104728,YML081W,TBP
chrXIII_110780_111093,YML078W,TBP
chrXIII_111635_111909,YML077W,TBP
chrXIII_118924_119199,YML075C,TBP
chrXIII_129451_129795,YML072C,TBP
chrXIII_148718_148908,YML062C,TBP
chrXIII_151591_151823,YML060W,TBP
chrXIII_159085_160213,YML058W,TBP
chrXIII_164167_164775,YML056C,TBP
chrXIII_170705_171701,YML051W,TBP
chrXIII_172948_173139,YML050W,TBP
chrXIII_191804_192001,YML043C,TBP
chrXIII_204155_204400,YML038C,TBP
chrXIII_205440_205600,YML037C,TBP
chrXIII_241519_242128,YML016C,TBP
chrXIII_245875_246206,YML012W,TBP
chrXIII_250900_251128,YML009C-A,TBP
chrXIII_271232_271662,YMR001C-A,TBP
chrXIII_272660_272908,YMR003W,TBP
chrXIII_279653_279955,YMR006C,TBP
chrXIII_284668_284983,YMR010W,TBP
chrXIII_335096_335251,YMR032W,TBP
chrXIII_337656_337813,YMR033W,TBP
chrXIII_348286_348641,YMR038C,TBP
chrXIII_349586_349942,YMR039C,TBP
chrXIII_353293_353833,YMR043W,TBP
chrXIII_355117_355303,YMR044W,TBP
chrXIII_378206_378609,YMR051C,TBP
chrXIII_405588_405770,YMR067C,TBP
chrXIII_406072_406232,YMR068W,TBP
chrXIII_407578_407745,YMR069W,TBP
chrXIII_408671_409090,YMR070W,TBP
chrXIII_412892_413176,YMR073C,TBP
chrXIII_434589_434830,YMR083W,TBP
chrXIII_453840_454072,YMR093W,TBP
chrXIII_455517_455699,YMR094W,TBP
chrXIII_475395_476002,YMR104C,TBP
chrXIII_482858_483068,YMR107W,TBP
chrXIII_483624_484004,YMR108W,TBP
chrXIII_491922_492257,YMR110C,TBP
chrXIII_509316_509708,YMR120C,TBP
chrXIII_510956_511883,YMR122W-A,TBP
chrXIII_517308_517563,YMR125W,TBP
chrXIII_527603_527789,YMR129W,TBP
chrXIII_531807_532027,YMR130W,TBP
chrXIII_535562_535733,YMR132C,TBP
chrXIII_540572_541232,YMR136W,TBP
chrXIII_554389_557808,YMR145C,TBP
chrXIII_562825_563109,YMR152W,TBP
chrXIII_564207_564379,YMR153W,TBP
chrXIII_577575_577744,YMR161W,TBP
chrXIII_584020_584332,YMR162C,TBP
chrXIII_599226_599440,YMR168C,TBP
chrXIII_608497_608704,YMR173W,TBP
chrXIII_623164_623493,YMR180C,TBP
chrXIII_628646_629034,YMR185W,TBP
chrXIII_632037_634709,YMR186W,TBP
chrXIII_636020_636170,YMR187C,TBP
chrXIII_645391_645674,YMR191W,TBP
chrXIII_646884_647080,YMR192W,TBP
chrXIII_651867_653042,snR11,TBP
chrXIII_661872_662622,YMR199W,TBP
chrXIII_668208_668559,YMR203W,TBP
chrXIII_671313_671462,YMR204C,TBP
chrXIII_688905_689089,YMR211W,TBP
chrXIII_701526_701821,YMR217W,TBP
chrXIII_712137_712313,YMR220W,TBP
chrXIII_716328_716552,YMR222C,TBP
chrXIII_731137_731317,YMR229C,TBP
chrXIII_746114_746339,YMR238W,TBP
chrXIII_751464_751910,YMR241W,TBP
chrXIII_770434_770732,YMR250W,TBP
chrXIII_784291_784623,YMR258C,TBP
chrXIII_788872_789340,YMR259C,TBP
chrXIII_789808_789999,YMR260C,TBP
chrXIII_794748_794894,YMR263W,TBP
chrXIII_804266_804441,YMR269W,TBP
chrXIII_806520_806754,YMR270C,TBP
chrXIII_815408_815563,YMR274C,TBP
chrXIII_835125_835364,YMR282C,TBP
chrXIII_848504_848658,YMR289W,TBP
chrXIII_858078_858308,YMR294W-A,TBP
chrXIII_865340_865588,YMR299C,TBP
chrXIII_867137_867569,YMR300C,TBP
chrXIII_872930_875026,YMR303C,TBP
chrXIII_886156_886506,YMR306C-A,TBP
chrXIV_5578_5913,YNL339C,TBP
chrXIV_19333_19521,YNL330C,TBP
chrXIV_34166_34408,YNL322C,TBP
chrXIV_43131_43289,YNL316C,TBP
chrXIV_64460_64787,YNL301C,TBP
chrXIV_82607_82813,YNL292W,TBP
chrXIV_87215_90223,snR40,TBP
chrXIV_94957_95110,YNL286W,TBP
chrXIV_112839_113210,YNL278W,TBP
chrXIV_140671_140842,YNL267W,TBP
chrXIV_154867_155142,YNL261W,TBP
chrXIV_157344_157581,YNL260C,TBP
chrXIV_172317_172570,YNL252C,TBP
chrXIV_181034_181259,YNL249C,TBP
chrXIV_185196_185383,YNL246W,TBP
chrXIV_200014_200237,YNL240C,TBP
chrXIV_201960_202226,YNL238W,TBP
chrXIV_211540_211770,YNL233W,TBP
chrXIV_214759_214938,YNL232W,TBP
chrXIV_230491_230894,snR19,TBP
chrXIV_233741_234418,YNL220W,TBP
chrXIV_244181_244415,YNL215W,TBP
chrXIV_255076_255313,YNL207W,TBP
chrXIV_270953_271105,YNL196C,TBP
chrXIV_281871_282320,YNL190W,TBP
chrXIV_285946_286317,YNL188W,TBP
chrXIV_332102_332544,YNL161W,TBP
chrXIV_345298_345701,YNL154C,TBP
chrXIV_348587_348788,YNL151C,TBP
chrXIV_356776_357343,YNL143C,TBP
chrXIV_375098_375312,YNL132W,TBP
chrXIV_387083_387237,YNL126W,TBP
chrXIV_394523_394691,YNL123W,TBP
chrXIV_405483_406431,YNL118C,TBP
chrXIV_407974_408247,YNL116W,TBP
chrXIV_417281_417631,YNL111C,TBP
chrXIV_418468_418826,YNL110C,TBP
chrXIV_426634_427671,YNL104C,TBP
chrXIV_429608_430079,YNL102W,TBP
chrXIV_434515_434872,YNL101W,TBP
chrXIV_437297_437653,YNL100W,TBP
chrXIV_447219_447387,YNL094W,TBP
chrXIV_457451_457620,YNL088W,TBP
chrXIV_466748_467018,YNL085W,TBP
chrXIV_471137_471413,YNL083W,TBP
chrXIV_473104_473385,YNL082W,TBP
chrXIV_476587_476827,YNL081C,TBP
chrXIV_479589_479754,YNL078W,TBP
chrXIV_480976_481309,YNL077W,TBP
chrXIV_485338_485567,YNL075W,TBP
chrXIV_499339_501193,YNL067W,TBP
chrXIV_506969_507727,YNL064C,TBP
chrXIV_516704_516902,YNL058C,TBP
chrXIV_525771_525929,YNL054W,TBP
chrXIV_529505_529917,YNL053W,TBP
chrXIV_532138_532669,YNL051W,TBP
chrXIV_534887_535177,YNL050C,TBP
chrXIV_545081_545307,YNL044W,TBP
chrXIV_585336_585716,NME1,TBP
chrXIV_585941_586500,snR66,TBP
chrXIV_635293_635478,YNR003C,TBP
chrXIV_636717_636981,YNR006W,TBP
chrXIV_643482_643688,YNR010W,TBP
chrXIV_664078_664335,YNR018W,TBP
chrXIV_664961_665253,YNR019W,TBP
chrXIV_674719_674889,YNR026C,TBP
chrXIV_676010_676169,YNR028W,TBP
chrXIV_692016_692547,YNR034W-A,TBP
chrXIV_699439_699586,YNR039C,TBP
chrXIV_701681_701845,YNR041C,TBP
chrXIV_720665_721085,YNR052C,TBP
chrXIV_743600_743818,YNR061C,TBP
chrXIV_779671_779934,YNR075W,TBP
chrXV_17841_18356,YOL159C,TBP
chrXV_48629_48910,YOL146W,TBP
chrXV_55072_55245,YOL143C,TBP
chrXV_60964_61279,YOL139C,TBP
chrXV_65409_65649,YOL137W,TBP
chrXV_70043_70211,YOL135C,TBP
chrXV_73889_74219,YOL130W,TBP
chrXV_77291_77448,YOL129W,TBP
chrXV_80056_80465,YOL127W,TBP
chrXV_82894_83773,YOL126C,TBP
chrXV_93701_94690,YOL120C,TBP
chrXV_96374_96794,YOL119C,TBP
chrXV_101242_101487,YOL115W,TBP
chrXV_106252_106591,YOL112W,TBP
chrXV_121449_123816,YOL103W,TBP
chrXV_128897_129106,YOL100W,TBP
chrXV_137784_138029,YOL097C,TBP
chrXV_142556_142822,YOL093W,TBP
chrXV_144099_144248,YOL092W,TBP
chrXV_154701_155048,YOL088C,TBP
chrXV_159330_160931,YOL086C,TBP
chrXV_196328_196523,YOL071W,TBP
chrXV_201729_201899,YOL068C,TBP
chrXV_204434_204690,YOL066C,TBP
chrXV_231757_232008,YOL052C-A,TBP
chrXV_234075_234845,snR81,TBP
chrXV_252601_252826,YOL041C,TBP
chrXV_254661_254963,YOL038C-A,TBP
chrXV_265144_265416,YOL032W,TBP
chrXV_267527_268296,YOL030W,TBP
chrXV_288559_288873,YOL019W,TBP
chrXV_304018_304781,YOL012C,TBP
chrXV_315436_315822,YOL006C,TBP
chrXV_324356_324923,YOL002C,TBP
chrXV_326413_326845,YOR001W,TBP
chrXV_338636_338906,YOR006C,TBP
chrXV_342547_343012,YOR008C-A,TBP
chrXV_357195_357506,YOR014W,TBP
chrXV_373482_373782,YOR021C,TBP
chrXV_394563_394825,YOR033C,TBP
chrXV_405413_405731,YOR038C,TBP
chrXV_409565_410528,snR62,TBP
chrXV_412577_412782,YOR044W,TBP
chrXV_441180_441478,YOR060C,TBP
chrXV_444446_446137,YOR063W,TBP
chrXV_446666_447417,YOR064C,TBP
chrXV_449168_449380,YOR066W,TBP
chrXV_474394_474610,YOR079C,TBP
chrXV_479256_479414,YOR081C,TBP
chrXV_492886_493456,YOR091W,TBP
chrXV_494373_495043,YOR092W,TBP
chrXV_517233_517596,YOR104W,TBP
chrXV_522131_523065,YOR108W,TBP
chrXV_524866_525112,YOR108C-A,TBP
chrXV_537116_537402,YOR114W,TBP
chrXV_550220_551220,YOR120W,TBP
chrXV_551366_552271,YOR121C,TBP
chrXV_552802_553114,YOR122C,TBP
chrXV_554599_554791,YOR123C,TBP
chrXV_558671_558849,YOR124C,TBP
chrXV_586345_586729,YOR138C,TBP
chrXV_605121_605357,YOR144C,TBP
chrXV_619248_619761,YOR153W,TBP
chrXV_624202_624701,YOR154W,TBP
chrXV_642140_642677,YOR163W,TBP
chrXV_648590_648754,YOR166C,TBP
chrXV_651791_651940,YOR170W,TBP
chrXV_670274_670834,YOR178C,TBP
chrXV_672386_672713,YOR179C,TBP
chrXV_675223_675531,YOR180C,TBP
chrXV_679163_679331,YOR184W,TBP
chrXV_680934_681150,snR36,TBP
chrXV_704135_704458,YOR192C-C,TBP
chrXV_737815_737963,YOR209C,TBP
chrXV_738157_738341,YOR210W,TBP
chrXV_757544_758321,YOR221C,TBP
chrXV_759239_759797,snR35,TBP
chrXV_775368_775706,YOR233W,TBP
chrXV_779823_780962,snR17a,TBP
chrXV_796741_797578,YOR246C,TBP
chrXV_802312_802508,YOR250C,TBP
chrXV_803454_803712,YOR252W,TBP
chrXV_804161_804382,YOR253W,TBP
chrXV_836865_837706,YOR274W,TBP
chrXV_841141_841373,YOR276W,TBP
chrXV_847169_847397,YOR281C,TBP
chrXV_884296_884446,YOR304W,TBP
chrXV_891419_891749,YOR306C,TBP
chrXV_894176_894362,YOR307C,TBP
chrXV_896606_897053,YOR309C,TBP
chrXV_898305_898556,YOR310C,TBP
chrXV_907556_907828,YOR316C,TBP
chrXV_925042_925316,YOR324C,TBP
chrXV_939381_939606,YOR329C,TBP
chrXV_960672_960968,YOR341W,TBP
chrXV_967597_968258,YOR342C,TBP
chrXV_968550_969102,YOR343C,TBP
chrXV_978024_978527,YOR344C,TBP
chrXV_981410_981700,YOR346W,TBP
chrXV_994870_995162,YOR350C,TBP
chrXV_1000847_1001155,YOR353C,TBP
chrXV_1003767_1004938,YOR355W,TBP
chrXV_1010800_1011183,YOR359W,TBP
chrXV_1023203_1023422,YOR364W,TBP
chrXV_1039304_1041840,YOR374W,TBP
chrXV_1042395_1043438,YOR375C,TBP
chrXV_1061032_1061229,YOR383C,TBP
chrXV_1090065_1090269,YOR396C-A,TBP
chrXVI_1224_1411,YPL283W-A,TBP
chrXVI_5499_5830,YPL283C,TBP
chrXVI_14330_14505,YPL279C,TBP
chrXVI_34966_35156,YPL268W,TBP
chrXVI_38924_39116,YPL266W,TBP
chrXVI_44270_44544,YPL264C,TBP
chrXVI_46455_47433,YPL262W,TBP
chrXVI_49095_49273,YPL260W,TBP
chrXVI_66677_67300,YPL256C,TBP
chrXVI_73059_73261,YPL253C,TBP
chrXVI_73922_74259,YPL252C,TBP
chrXVI_74674_75651,YPL250C,TBP
chrXVI_88282_88512,YPL243W,TBP
chrXVI_96217_99115,YPL240C,TBP
chrXVI_99281_99486,YPL239W,TBP
chrXVI_105443_106178,YPL233W,TBP
chrXVI_121340_121796,YPL226W,TBP
chrXVI_136202_136516,YPL219W,TBP
chrXVI_138543_138749,YPL218W,TBP
chrXVI_143162_143450,YPL217C,TBP
chrXVI_153141_153527,YPL211W,TBP
chrXVI_156161_156386,YPL210C,TBP
chrXVI_163923_164260,YPL205C,TBP
chrXVI_172736_174110,YPL198W,TBP
chrXVI_175964_176186,YPL195W,TBP
chrXVI_187749_188229,YPL190C,TBP
chrXVI_203144_203362,YPL181W,TBP
chrXVI_204926_205186,YPL180W,TBP
chrXVI_207822_208079,YPL179W,TBP
chrXVI_218337_218647,YPL176C,TBP
chrXVI_230808_231151,YPL169C,TBP
chrXVI_244102_244382,YPL162C,TBP
chrXVI_246803_247015,YPL160W,TBP
chrXVI_260945_261600,YPL154C,TBP
chrXVI_267944_268109,YPL150W,TBP
chrXVI_272887_273271,YPL147W,TBP
chrXVI_279830_280488,YPL144W,TBP
chrXVI_291025_291303,YPL139C,TBP
chrXVI_296694_296881,YPL137C,TBP
chrXVI_303490_304322,YPL130W,TBP
chrXVI_316472_316759,YPL124W,TBP
chrXVI_318988_319232,YPL123C,TBP
chrXVI_329241_329548,YPL116W,TBP
chrXVI_347396_347730,YPL109C,TBP
chrXVI_348978_349124,YPL107W,TBP
chrXVI_370615_371026,YPL093W,TBP
chrXVI_381211_381881,YPL089C,TBP
chrXVI_383139_383427,YPL087W,TBP
chrXVI_404629_407063,YPL080C,TBP
chrXVI_418169_418364,YPL072W,TBP
chrXVI_420579_420732,YPL071C,TBP
chrXVI_425098_425260,YPL068C,TBP
chrXVI_426994_427964,YPL065W,TBP
chrXVI_431858_434377,YPL061W,TBP
chrXVI_458501_458742,YPL053C,TBP
chrXVI_463857_464416,YPL048W,TBP
chrXVI_465763_465928,YPL047W,TBP
chrXVI_469770_469961,YPL043W,TBP
chrXVI_480264_480509,YPL038W,TBP
chrXVI_502101_502402,YPL026C,TBP
chrXVI_503349_503530,YPL024W,TBP
chrXVI_514223_514537,YPL020C,TBP
chrXVI_516389_516861,YPL019C,TBP
chrXVI_520506_520898,YPL016W,TBP
chrXVI_555636_556449,YPR001W,TBP
chrXVI_564977_565304,YPR004C,TBP
chrXVI_566691_566931,YPR005C,TBP
chrXVI_581104_581393,YPR010C,TBP
chrXVI_596543_596734,YPR019W,TBP
chrXVI_607354_607598,YPR022C,TBP
chrXVI_615058_615453,YPR026W,TBP
chrXVI_631311_631503,YPR031W,TBP
chrXVI_656552_656797,YPR045C,TBP
chrXVI_664759_664975,YPR051W,TBP
chrXVI_667388_667604,YPR055W,TBP
chrXVI_675566_675958,YPR060C,TBP
chrXVI_680840_681118,YPR066W,TBP
chrXVI_681920_682205,YPR067W,TBP
chrXVI_684373_684569,YPR068C,TBP
chrXVI_692399_692850,YPR073C,TBP
chrXVI_694716_695521,YPR074W-A,TBP
chrXVI_696805_697721,YPR077C,TBP
chrXVI_700247_702284,YPR080W,TBP
chrXVI_709898_710072,YPR086W,TBP
chrXVI_711228_711374,YPR087W,TBP
chrXVI_729582_729832,YPR100W,TBP
chrXVI_731642_732384,YPR102C,TBP
chrXVI_746793_746995,YPR110C,TBP
chrXVI_752941_753210,YPR114W,TBP
chrXVI_785747_786117,YPR124W,TBP
chrXVI_818001_818305,YPR143W,TBP
chrXVI_830373_831114,YPR150W,TBP
chrXVI_837385_837762,YPR155C,TBP
chrXVI_860848_861243,YPR160W,TBP
chrXVI_868288_868569,YPR162C,TBP
chrXVI_869962_870142,YPR163C,TBP
chrXVI_874770_875310,YPR165W,TBP
chrXVI_876612_876860,YPR166C,TBP
chrXVI_878404_878682,YPR169W,TBP
chrXVI_883644_883861,YPR171W,TBP
chrXVI_895792_895973,YPR180W,TBP
chrXVI_900497_900795,YPR183W,TBP
chrXVI_901491_902015,YPR184W,TBP
chrXVI_911016_911330,YPR187W,TBP
chrXVI_912474_912674,YPR189W,TBP
chrXVI_928271_928738,YPR195C,TBP
chrXVI_933723_933987,YPR198W,TBP
chrXVI_939072_939267,YPR199C,TBP
chrXVI_942967_943789,YPR202W,TBP
chrI_39073_39377,YAL056W,TFIIA
chrI_94450_94688,YAL027W,TFIIA
chrII_564_759,YBL113W-A,TFIIA
chrII_60562_61093,YBL087C,TFIIA
chrII_84174_84448,YBL076C,TFIIA
chrII_89171_90054,YBL071C-B,TFIIA
chrII_132065_132489,YBL046W,TFIIA
chrII_167806_168707,YBL027W,TFIIA
chrII_227415_227587,YBL004W,TFIIA
chrII_291730_292337,YBR025C,TFIIA
chrII_415033_415722,YBR084C-A,TFIIA
chrII_431744_432028,YBR094W,TFIIA
chrII_444475_445066,YBR101C,TFIIA
chrII_483349_483750,YBR121C,TFIIA
chrII_512850_513003,YBR137W,TFIIA
chrII_532033_532508,YBR143C,TFIIA
chrII_548999_549346,YBR154C,TFIIA
chrII_581330_581695,YBR172C,TFIIA
chrII_592600_593164,YBR181C,TFIIA
chrII_604121_604787,YBR189W,TFIIA
chrII_605863_606456,YBR191W,TFIIA
chrII_607302_607564,YBR192W,TFIIA
chrII_674914_675211,YBR227C,TFIIA
chrII_721115_721421,YBR251W,TFIIA
chrIII_38772_39126,YCL050C,TFIIA
chrIII_56516_56708,YCL038C,TFIIA
chrIII_200890_201158,YCR041W,TFIIA
chrIII_206469_206955,YCR043C,TFIIA
chrIII_216429_216839,YCR053W,TFIIA
chrIII_223210_223416,YCR057C,TFIIA
chrIII_242309_242488,YCR072C,TFIIA
chrIV_43752_44241,YDL229W,TFIIA
chrIV_80467_80676,YDL211C,TFIIA
chrIV_87174_87584,YDL208W,TFIIA
chrIV_88139_88295,YDL207W,TFIIA
chrIV_114488_114674,YDL193W,TFIIA
chrIV_117285_117881,YDL191W,TFIIA
chrIV_176552_176710,YDL155W,TFIIA
chrIV_182987_183295,YDL153C,TFIIA
chrIV_198251_198721,YDL145C,TFIIA
chrIV_217178_217792,YDL136W,TFIIA
chrIV_227070_227458,YDL131W,TFIIA
chrIV_300053_300208,YDL088C,TFIIA
chrIV_312488_312749,YDL080C,TFIIA
chrIV_340949_341652,YDL060W,TFIIA
chrIV_363506_364085,YDL051W,TFIIA
chrIV_471422_472104,YDR012W,TFIIA
chrIV_490985_491754,YDR025W,TFIIA
chrIV_530738_531037,YDR038C,TFIIA
chrIV_628468_628716,YDR091C,TFIIA
chrIV_657432_657636,YDR101C,TFIIA
chrIV_703965_704509,YDR127W,TFIIA
chrIV_743818_744246,YDR143C,TFIIA
chrIV_767986_768355,YDR153C,TFIIA
chrIV_770006_770440,YDR158W,TFIIA
chrIV_832495_832684,YDR185C,TFIIA
chrIV_861636_861809,YDR206W,TFIIA
chrIV_945157_945309,YDR240C,TFIIA
chrIV_974045_974819,YDR258C,TFIIA
chrIV_1039502_1039812,YDR291W,TFIIA
chrIV_1062780_1063069,YDR300C,TFIIA
chrIV_1071424_1071784,YDR303C,TFIIA
chrIV_1117003_1117201,YDR325W,TFIIA
chrIV_1238756_1239758,YDR382W,TFIIA
chrIV_1298136_1298399,YDR415C,TFIIA
chrIV_1300850_1301861,YDR418W,TFIIA
chrIV_1355271_1356125,YDR447C,TFIIA
chrIV_1358857_1359240,YDR449C,TFIIA
chrIV_1359416_1360155,YDR450W,TFIIA
chrIV_1366831_1367046,YDR454C,TFIIA
chrIV_1394800_1395093,YDR466W,TFIIA
chrIV_1398657_1399069,YDR469W,TFIIA
chrIV_1401226_1402033,YDR471W,TFIIA
chrIV_1443397_1443583,YDR496C,TFIIA
chrIV_1450601_1451235,YDR500C,TFIIA
chrIV_1473020_1473280,YDR514C,TFIIA
chrIV_1493007_1493513,snR84,TFIIA
chrIV_1531378_1531886,YDR545C-A,TFIIA
chrIX_39193_39514,YIL161W,TFIIA
chrIX_171460_171692,YIL104C,TFIIA
chrIX_193154_193656,YIL090W,TFIIA
chrIX_232105_232968,YIL069C,TFIIA
chrIX_277571_277797,YIL040W,TFIIA
chrIX_316231_317095,YIL018W,TFIIA
chrIX_342093_343039,YIL008W,TFIIA
chrIX_356857_357246,YIR001C,TFIIA
chrIX_414669_415139,YIR031C,TFIIA
chrV_51_535,YEL077W-A,TFIIA
chrV_51511_52039,YEL055C,TFIIA
chrV_73465_73715,YEL042W,TFIIA
chrV_101506_102082,YEL026W,TFIIA
chrV_115848_116286,YEL021W,TFIIA
chrV_166828_167094,YER007C-A,TFIIA
chrV_221126_221334,YER033C,TFIIA
chrV_269853_270717,YER056C-A,TFIIA
chrV_305780_306612,YER074W,TFIIA
chrV_316434_316863,YER077C,TFIIA
chrV_332666_333100,YER087C-B,TFIIA
chrV_362097_363026,YER102W,TFIIA
chrV_364030_364588,YER103W,TFIIA
chrV_382142_382305,YER110C,TFIIA
chrV_396166_397003,YER117W,TFIIA
chrV_414094_414522,YER126C,TFIIA
chrVI_87_325,YFL068W,TFIIA
chrVI_552_844,YFL067W,TFIIA
chrVI_49059_49214,YFL041W,TFIIA
chrVI_64698_65394,YFL034C-A,TFIIA
chrVI_148330_149163,YFR001W,TFIIA
chrVI_221165_222057,YFR031C-A,TFIIA
chrVII_49367_49646,YGL238W,TFIIA
chrVII_148744_149445,YGL188C-A,TFIIA
chrVII_228079_228922,YGL147C,TFIIA
chrVII_254146_254901,YGL135W,TFIIA
chrVII_255322_255602,YGL134W,TFIIA
chrVII_307243_307556,YGL105W,TFIIA
chrVII_310518_311389,YGL103W,TFIIA
chrVII_321628_321819,YGL097W,TFIIA
chrVII_337718_337864,YGL092W,TFIIA
chrVII_361842_362003,YGL078C,TFIIA
chrVII_401170_401640,YGL054C,TFIIA
chrVII_438102_439358,YGL030W,TFIIA
chrVII_439905_440091,YGL029W,TFIIA
chrVII_496450_497242,YGL001C,TFIIA
chrVII_554914_556088,YGR034W,TFIIA
chrVII_634033_634328,YGR071C,TFIIA
chrVII_643716_644124,YGR082W,TFIIA
chrVII_647984_648232,YGR084C,TFIIA
chrVII_648586_649361,YGR085C,TFIIA
chrVII_695011_695405,YGR102C,TFIIA
chrVII_772019_772532,YGR142W,TFIIA
chrVII_786896_787180,YGR147C,TFIIA
chrVII_807647_807903,YGR159C,TFIIA
chrVII_843525_843796,YGR172C,TFIIA
chrVII_914733_915269,YGR211W,TFIIA
chrVII_919562_920797,YGR214W,TFIIA
chrVII_1021784_1022057,YGR264C,TFIIA
chrVII_1049904_1050377,YGR279C,TFIIA
chrVII_1070131_1070354,YGR288W,TFIIA
chrVIII_406_715,YHL050W-A,TFIIA
chrVIII_35856_36404,YHL033C,TFIIA
chrVIII_103993_104506,YHL001W,TFIIA
chrVIII_143471_144031,YHR019C,TFIIA
chrVIII_148413_149186,YHR021C,TFIIA
chrVIII_180065_180331,YHR036W,TFIIA
chrVIII_229006_229319,YHR065C,TFIIA
chrVIII_234618_234829,YHR069C,TFIIA
chrVIII_241444_241840,YHR072W-A,TFIIA
chrVIII_283240_283503,YHR089C,TFIIA
chrVIII_361750_362252,YHR128W,TFIIA
chrVIII_367872_368197,YHR131C,TFIIA
chrVIII_393238_393532,YHR147C,TFIIA
chrVIII_423574_423778,YHR163W,TFIIA
chrVIII_491794_492001,YHR196W,TFIIA
chrVIII_554109_554262,YHR216W,TFIIA
chrVIII_561456_561794,YHR219C-A,TFIIA
chrX_63481_63863,YJL197W,TFIIA
chrX_73289_74350,YJL191W,TFIIA
chrX_75034_76235,YJL189W,TFIIA
chrX_90049_91008,YJL177W,TFIIA
chrX_128975_129124,YJL156C,TFIIA
chrX_159506_160651,YJL133C-A,TFIIA
chrX_191400_191753,YJL118W,TFIIA
chrX_192022_192650,YJL117W,TFIIA
chrX_211525_211822,YJL110C,TFIIA
chrX_241794_241967,YJL098W,TFIIA
chrX_302820_303086,YJL074C,TFIIA
chrX_312652_312804,YJL069C,TFIIA
chrX_387407_387702,YJL030W,TFIIA
chrX_436058_436962,YJR001W,TFIIA
chrX_442440_442706,YJR003C,TFIIA
chrX_486200_486558,YJR030C,TFIIA
chrX_507495_507763,YJR040W,TFIIA
chrX_548515_548705,YJR060W,TFIIA
chrX_570646_570796,YJR070C,TFIIA
chrX_572063_572484,YJR072C,TFIIA
chrX_608031_608502,YJR094W-A,TFIIA
chrX_636726_636952,YJR111C,TFIIA
chrX_702883_703581,YJR145C,TFIIA
chrXI_69_295,YKL225W,TFIIA
chrXI_24856_25258,YKL216W,TFIIA
chrXI_53521_53772,YKL204W,TFIIA
chrXI_108883_109469,YKL180W,TFIIA
chrXI_122322_122545,YKL173W,TFIIA
chrXI_154784_154946,YKL157W,TFIIA
chrXI_176555_176756,YKL143W,TFIIA
chrXI_207876_208300,YKL125W,TFIIA
chrXI_219246_219413,YKL119C,TFIIA
chrXI_275101_275305,YKL088W,TFIIA
chrXI_385656_385815,YKL028W,TFIIA
chrXI_425790_426312,YKL010C,TFIIA
chrXI_431177_432175,YKL006W,TFIIA
chrXI_554516_555132,YKR059W,TFIIA
chrXI_575763_576288,YKR071C,TFIIA
chrXI_613829_614158,YKR092C,TFIIA
chrXI_618517_619097,YKR094C,TFIIA
chrXII_46351_46698,YLL047W,TFIIA
chrXII_64591_65859,YLL039C,TFIIA
chrXII_131190_131799,YLL009C,TFIIA
chrXII_157706_158122,YLR003C,TFIIA
chrXII_166070_166474,YLR008C,TFIIA
chrXII_202321_203037,YLR029C,TFIIA
chrXII_241618_242455,YLR048W,TFIIA
chrXII_245174_245644,YLR049C,TFIIA
chrXII_262871_263438,YLR061W,TFIIA
chrXII_281689_281989,YLR073C,TFIIA
chrXII_283600_283931,YLR077W,TFIIA
chrXII_296149_296398,YLR083C,TFIIA
chrXII_300195_300558,YLR084C,TFIIA
chrXII_424629_425266,YLR142W,TFIIA
chrXII_451442_469102,NTS1-2,TFIIA
chrXII_489805_490421,YLR162W-A,TFIIA
chrXII_498004_499321,YLR167W,TFIIA
chrXII_505734_506229,YLR175W,TFIIA
chrXII_522030_522927,YLR185W,TFIIA
chrXII_523227_523659,YLR186W,TFIIA
chrXII_539522_539815,YLR192C,TFIIA
chrXII_543562_543971,YLR196W,TFIIA
chrXII_545904_546185,YLR197W,TFIIA
chrXII_636409_636937,YLR249W,TFIIA
chrXII_640039_640429,YLR250W,TFIIA
chrXII_672690_673358,YLR264W,TFIIA
chrXII_679892_680236,YLR268W,TFIIA
chrXII_694199_694404,YLR275W,TFIIA
chrXII_696843_697000,YLR276C,TFIIA
chrXII_721284_721873,YLR293C,TFIIA
chrXII_730488_730829,YLR301W,TFIIA
chrXII_781032_781881,YLR325C,TFIIA
chrXII_805023_806066,YLR340W,TFIIA
chrXII_818439_819507,YLR344W,TFIIA
chrXII_849155_849346,YLR361C,TFIIA
chrXII_855406_856168,YLR364C-A,TFIIA
chrXII_931495_932525,YLR406C,TFIIA
chrXII_937244_937576,YLR410W,TFIIA
chrXII_946583_947012,YLR411W,TFIIA
chrXII_950913_951176,YLR413W,TFIIA
chrXII_963540_963803,YLR420W,TFIIA
chrXII_1018678_1019286,YLR441C,TFIIA
chrXII_1027842_1029053,YLR448W,TFIIA
chrXII_1072577_1072797,YLR467W,TFIIA
chrXIII_1528_2140,YML133W-A,TFIIA
chrXIII_82120_82280,YML094W,TFIIA
chrXIII_123976_124611,YML073C,TFIIA
chrXIII_228627_229011,YML022W,TFIIA
chrXIII_298531_298891,YMR014W,TFIIA
chrXIII_396372_396533,YMR062C,TFIIA
chrXIII_406050_406225,YMR068W,TFIIA
chrXIII_483630_483971,YMR108W,TFIIA
chrXIII_500505_501019,YMR116C,TFIIA
chrXIII_509312_509549,YMR120C,TFIIA
chrXIII_550913_552132,YMR142C,TFIIA
chrXIII_564235_564461,YMR153W,TFIIA
chrXIII_649804_650077,YMR193W,TFIIA
chrXIII_650912_651409,YMR194W,TFIIA
chrXIII_732146_732560,YMR230W,TFIIA
chrXIII_751234_752023,YMR241W,TFIIA
chrXIII_754014_754695,YMR242W-A,TFIIA
chrXIII_854646_854822,YMR292W,TFIIA
chrXIII_895312_895654,YMR309C,TFIIA
chrXIII_912165_912407,YMR318C,TFIIA
chrXIV_62738_63382,YNL302C,TFIIA
chrXIV_140679_140868,YNL267W,TFIIA
chrXIV_145247_145510,YNL265C,TFIIA
chrXIV_251723_252245,YNL209W,TFIIA
chrXIV_255098_255279,YNL207W,TFIIA
chrXIV_258085_258334,YNL206C,TFIIA
chrXIV_330859_331559,YNL162W,TFIIA
chrXIV_345353_345699,YNL154C,TFIIA
chrXIV_405390_405903,YNL118C,TFIIA
chrXIV_413170_413672,YNL112W,TFIIA
chrXIV_444139_444830,YNL096C,TFIIA
chrXIV_456306_456479,YNL090W,TFIIA
chrXIV_478125_478280,YNL080C,TFIIA
chrXIV_480822_481380,YNL077W,TFIIA
chrXIV_494756_495477,YNL069C,TFIIA
chrXIV_510269_510608,YNL061W,TFIIA
chrXIV_552028_552336,YNL041C,TFIIA
chrXIV_627107_627496,YNL001W,TFIIA
chrXIV_693910_694235,YNR035C,TFIIA
chrXIV_723000_723363,YNR053C,TFIIA
chrXIV_779744_779909,YNR075W,TFIIA
chrXV_44829_44987,YOL149W,TFIIA
chrXV_60876_61412,YOL139C,TFIIA
chrXV_65323_65668,YOL137W,TFIIA
chrXV_92601_93265,YOL121C,TFIIA
chrXV_94125_94752,YOL120C,TFIIA
chrXV_144128_144278,YOL092W,TFIIA
chrXV_186643_187113,YOL076W,TFIIA
chrXV_198690_198997,YOL069W,TFIIA
chrXV_252588_252925,YOL041C,TFIIA
chrXV_305012_305394,YOL011W,TFIIA
chrXV_316516_316850,YOL004W,TFIIA
chrXV_326376_326997,YOR001W,TFIIA
chrXV_431623_431779,YOR056C,TFIIA
chrXV_444219_444994,YOR063W,TFIIA
chrXV_472607_472789,YOR078W,TFIIA
chrXV_504373_504774,YOR095C,TFIIA
chrXV_522449_523057,YOR108W,TFIIA
chrXV_574821_575272,YOR133W,TFIIA
chrXV_606064_606677,YOR145C,TFIIA
chrXV_678473_679357,YOR183W,TFIIA
chrXV_680915_681087,snR36,TFIIA
chrXV_727137_727544,YOR205C,TFIIA
chrXV_738109_738432,YOR210W,TFIIA
chrXV_741649_741876,YOR211C,TFIIA
chrXV_745312_745467,YOR213C,TFIIA
chrXV_803477_803725,YOR252W,TFIIA
chrXV_820819_820971,YOR266W,TFIIA
chrXV_866433_867294,YOR293W,TFIIA
chrXV_875246_875435,YOR297C,TFIIA
chrXV_898246_898540,YOR310C,TFIIA
chrXV_904448_904865,YOR315W,TFIIA
chrXV_960164_960339,YOR340C,TFIIA
chrXV_969989_970510,YOR343W-A,TFIIA
chrXV_1010938_1011150,YOR359W,TFIIA
chrXV_1028346_1029098,YOR369C,TFIIA
chrXV_1064912_1065058,YOR385W,TFIIA
chrXVI_24890_25050,YPL273W,TFIIA
chrXVI_74463_75675,YPL250C,TFIIA
chrXVI_85234_85717,YPL245W,TFIIA
chrXVI_121258_121436,YPL227C,TFIIA
chrXVI_143153_143523,YPL217C,TFIIA
chrXVI_153141_153509,YPL211W,TFIIA
chrXVI_156123_156348,YPL210C,TFIIA
chrXVI_202509_202683,YPL183C,TFIIA
chrXVI_352151_352681,YPL106C,TFIIA
chrXVI_378185_378961,YPL090C,TFIIA
chrXVI_406218_406864,YPL080C,TFIIA
chrXVI_502943_503216,YPL025C,TFIIA
chrXVI_538889_539241,YPL009C,TFIIA
chrXVI_555751_556410,YPR001W,TFIIA
chrXVI_724882_725283,YPR096C,TFIIA
chrXVI_746759_746982,YPR110C,TFIIA
chrXVI_794469_795168,YPR132W,TFIIA
chrXVI_801902_802350,YPR137W,TFIIA
chrXVI_869948_870169,YPR163C,TFIIA
chrXVI_912475_912704,YPR189W,TFIIA
chrXVI_942874_943400,YPR202W,TFIIA
chrXVI_943562_943975,YPR203W,TFIIA
chrI_45632_45894,YAL053W,TFIIB
chrI_48412_48635,YAL051W,TFIIB
chrI_58333_58652,YAL044C,TFIIB
chrI_71391_71939,YAL038W,TFIIB
chrI_84371_84626,YAL032C,TFIIB
chrI_158575_158950,YAR007C,TFIIB
chrI_164118_166267,YAR010C,TFIIB
chrI_183484_183801,YAR027W,TFIIB
chrI_192451_192674,YAR042W,TFIIB
chrII_9104_9317,YBL107W-A,TFIIB
chrII_21179_21406,YBL104C,TFIIB
chrII_23684_24149,YBL102W,TFIIB
chrII_49374_49617,YBL089W,TFIIB
chrII_59396_59714,YBL088C,TFIIB
chrII_99998_100561,YBL066C,TFIIB
chrII_163895_165020,YBL029C-A,TFIIB
chrII_167767_167978,YBL028C,TFIIB
chrII_181266_181567,YBL022C,TFIIB
chrII_216285_216560,YBL007C,TFIIB
chrII_221000_221263,YBL005W-A,TFIIB
chrII_235653_236607,YBL003C,TFIIB
chrII_241285_241770,YBR001C,TFIIB
chrII_242457_242865,YBR002C,TFIIB
chrII_255486_256505,YBR009C,TFIIB
chrII_259828_261287,YBR012W-B,TFIIB
chrII_277846_279691,YBR020W,TFIIB
chrII_301246_301505,YBR032W,TFIIB
chrII_323925_324291,YBR043C,TFIIB
chrII_356509_356759,YBR058C-A,TFIIB
chrII_362492_362986,YBR060C,TFIIB
chrII_365623_365996,YBR061C,TFIIB
chrII_375517_375997,YBR068C,TFIIB
chrII_378363_378797,YBR069C,TFIIB
chrII_386036_386388,YBR074W,TFIIB
chrII_392203_392474,YBR077C,TFIIB
chrII_398156_398471,YBR079C,TFIIB
chrII_425677_426025,YBR088C,TFIIB
chrII_435623_436095,YBR095C,TFIIB
chrII_458262_458960,YBR109W-A,TFIIB
chrII_477236_478268,YBR118W,TFIIB
chrII_486634_486846,YBR123C,TFIIB
chrII_548961_549279,YBR154C,TFIIB
chrII_564607_565312,YBR162W-A,TFIIB
chrII_571924_572329,YBR167C,TFIIB
chrII_576010_576441,YBR169C,TFIIB
chrII_602147_602643,YBR187W,TFIIB
chrII_613777_614576,YBR196C-A,TFIIB
chrII_657510_657854,YBR216C,TFIIB
chrII_662261_662978,YBR218C,TFIIB
chrII_666321_666658,YBR221W-A,TFIIB
chrII_699981_700234,YBR239C,TFIIB
chrII_704144_704616,YBR242W,TFIIB
chrII_706743_706991,YBR243C,TFIIB
chrII_711255_711682,YBR245C,TFIIB
chrII_716389_716849,YBR248C,TFIIB
chrII_717917_718513,YBR249C,TFIIB
chrII_728755_728947,YBR257W,TFIIB
chrII_738300_738638,YBR264C,TFIIB
chrII_741129_741393,YBR268W,TFIIB
chrII_742481_742784,YBR269C,TFIIB
chrII_757115_757314,YBR275C,TFIIB
chrII_761058_761351,YBR279W,TFIIB
chrII_770403_770820,YBR283C,TFIIB
chrII_784525_784761,YBR291C,TFIIB
chrII_788416_789256,YBR294W,TFIIB
chrII_798421_798848,YBR296C,TFIIB
chrII_799091_800667,YBR296C-A,TFIIB
chrII_804756_805290,YBR298C-A,TFIIB
chrIII_77789_78166,YCL025C,TFIIB
chrIII_84784_86024,YCL019W,TFIIB
chrIII_91027_91439,YCL018W,TFIIB
chrIII_103250_103616,YCL011C,TFIIB
chrIII_107665_108092,YCL005W,TFIIB
chrIII_122197_122637,YCR005C,TFIIB
chrIII_137364_137984,YCR012W,TFIIB
chrIII_155015_155395,YCR020C-A,TFIIB
chrIII_160326_160651,YCR023C,TFIIB
chrIII_163025_163562,YCR024C-A,TFIIB
chrIII_199435_199656,YCR038C,TFIIB
chrIII_206542_206865,YCR043C,TFIIB
chrIII_213941_214150,YCR051W,TFIIB
chrIII_223163_223480,YCR057C,TFIIB
chrIII_236975_237171,YCR068W,TFIIB
chrIII_238746_238991,YCR069W,TFIIB
chrIII_263233_263426,YCR086W,TFIIB
chrIII_286595_286823,YCR094W,TFIIB
chrIII_298518_299089,YCR098C,TFIIB
chrIII_310648_311046,YCR106W,TFIIB
chrIV_33928_34267,YDL235C,TFIIB
chrIV_42213_42719,YDL231C,TFIIB
chrIV_65035_65241,YDL219W,TFIIB
chrIV_68687_68950,YDL217C,TFIIB
chrIV_93783_94332,YDL205C,TFIIB
chrIV_155572_156302,YDL171C,TFIIB
chrIV_164009_164362,YDL165W,TFIIB
chrIV_174568_174911,YDL157C,TFIIB
chrIV_176500_176718,YDL155W,TFIIB
chrIV_213016_213282,YDL138W,TFIIB
chrIV_223851_224152,YDL132W,TFIIB
chrIV_232394_232727,YDL128W,TFIIB
chrIV_234687_234985,YDL127W,TFIIB
chrIV_242047_242497,YDL122W,TFIIB
chrIV_264044_264422,YDL111C,TFIIB
chrIV_268863_269069,YDL107W,TFIIB
chrIV_276539_276829,YDL103C,TFIIB
chrIV_310013_310549,YDL081C,TFIIB
chrIV_316318_316638,YDL078C,TFIIB
chrIV_330368_331082,YDL072C,TFIIB
chrIV_337182_337602,YDL064W,TFIIB
chrIV_340089_340375,YDL063C,TFIIB
chrIV_352514_352875,YDL056W,TFIIB
chrIV_393854_394250,YDL033C,TFIIB
chrIV_404897_405143,YDL027C,TFIIB
chrIV_411554_411885,YDL022W,TFIIB
chrIV_416622_417444,YDL020C,TFIIB
chrIV_423424_423768,YDL018C,TFIIB
chrIV_428817_429033,YDL013W,TFIIB
chrIV_431945_432435,YDL010W,TFIIB
chrIV_433303_433555,YDL008W,TFIIB
chrIV_437816_438161,YDL007W,TFIIB
chrIV_442217_443161,YDL004W,TFIIB
chrIV_444052_444666,YDL003W,TFIIB
chrIV_461185_461956,YDR007W,TFIIB
chrIV_481696_482607,YDR017C,TFIIB
chrIV_489090_489626,YDR023W,TFIIB
chrIV_503221_503557,YDR031W,TFIIB
chrIV_507560_508055,YDR033W,TFIIB
chrIV_519052_519283,YDR034C-D,TFIIB
chrIV_524647_525535,YDR037W,TFIIB
chrIV_543419_543739,YDR043C,TFIIB
chrIV_556318_556859,YDR050C,TFIIB
chrIV_560667_560897,YDR052C,TFIIB
chrIV_565609_565953,YDR056C,TFIIB
chrIV_575792_576249,YDR062W,TFIIB
chrIV_589313_589649,YDR071C,TFIIB
chrIV_591331_591725,YDR072C,TFIIB
chrIV_591955_592570,YDR073W,TFIIB
chrIV_603736_604044,YDR079C-A,TFIIB
chrIV_610037_610464,YDR081C,TFIIB
chrIV_613911_614261,YDR084C,TFIIB
chrIV_617108_617409,YDR086C,TFIIB
chrIV_629680_629957,YDR092W,TFIIB
chrIV_630635_631104,YDR093W,TFIIB
chrIV_636813_637125,YDR096W,TFIIB
chrIV_643813_644146,YDR097C,TFIIB
chrIV_649925_651429,YDR098C-B,TFIIB
chrIV_653046_653469,YDR099W,TFIIB
chrIV_679555_680156,YDR111C,TFIIB
chrIV_685602_685916,YDR117C,TFIIB
chrIV_694246_694547,YDR122W,TFIIB
chrIV_720330_720704,YDR132C,TFIIB
chrIV_721296_723193,YDR133C,TFIIB
chrIV_727486_728284,YDR135C,TFIIB
chrIV_739903_740145,YDR141C,TFIIB
chrIV_743857_744229,YDR143C,TFIIB
chrIV_750796_751471,YDR146C,TFIIB
chrIV_767923_768318,YDR153C,TFIIB
chrIV_784538_784978,YDR165W,TFIIB
chrIV_789182_789524,YDR167W,TFIIB
chrIV_802285_802609,YDR170C,TFIIB
chrIV_816563_816935,YDR177W,TFIIB
chrIV_827272_827673,YDR182W,TFIIB
chrIV_829285_829597,YDR183W,TFIIB
chrIV_838269_838472,YDR189W,TFIIB
chrIV_857886_858217,YDR204W,TFIIB
chrIV_861576_861859,YDR206W,TFIIB
chrIV_867942_868252,YDR208W,TFIIB
chrIV_871840_872078,YDR210W-A,TFIIB
chrIV_882900_884196,YDR210C-D,TFIIB
chrIV_893459_894829,YDR215C,TFIIB
chrIV_906939_907445,YDR220C,TFIIB
chrIV_914543_915687,YDR224C,TFIIB
chrIV_915999_916583,YDR226W,TFIIB
chrIV_924393_924760,YDR229W,TFIIB
chrIV_935829_936596,YDR236C,TFIIB
chrIV_945109_945376,YDR240C,TFIIB
chrIV_950247_950627,YDR244W,TFIIB
chrIV_952533_952859,YDR245W,TFIIB
chrIV_955530_955810,YDR247W,TFIIB
chrIV_959749_960416,YDR250C,TFIIB
chrIV_981187_981412,YDR261W-A,TFIIB
chrIV_990431_992700,YDR261C-D,TFIIB
chrIV_992910_993244,YDR262W,TFIIB
chrIV_1002075_1002395,YDR266C,TFIIB
chrIV_1008811_1009091,YDR272W,TFIIB
chrIV_1020458_1020762,YDR280W,TFIIB
chrIV_1022262_1022549,YDR281C,TFIIB
chrIV_1030130_1030611,YDR283C,TFIIB
chrIV_1035578_1036002,YDR287W,TFIIB
chrIV_1039438_1039793,YDR289C,TFIIB
chrIV_1062705_1062991,YDR300C,TFIIB
chrIV_1071337_1071817,YDR303C,TFIIB
chrIV_1090081_1090516,YDR313C,TFIIB
chrIV_1092455_1092778,YDR314C,TFIIB
chrIV_1095582_1097964,YDR316W-B,TFIIB
chrIV_1105797_1106094,YDR319C,TFIIB
chrIV_1150425_1150679,YDR339C,TFIIB
chrIV_1153525_1153870,YDR341C,TFIIB
chrIV_1155381_1156644,YDR342C,TFIIB
chrIV_1160131_1161743,YDR343C,TFIIB
chrIV_1162537_1163281,YDR344C,TFIIB
chrIV_1171916_1172274,YDR348C,TFIIB
chrIV_1183824_1184821,YDR354W,TFIIB
chrIV_1206334_1208583,YDR365W-B,TFIIB
chrIV_1212001_1212894,YDR366C,TFIIB
chrIV_1227931_1228775,YDR377W,TFIIB
chrIV_1233394_1234300,YDR379C-A,TFIIB
chrIV_1236123_1236623,YDR381W,TFIIB
chrIV_1238718_1239602,YDR381C-A,TFIIB
chrIV_1261289_1261754,YDR394W,TFIIB
chrIV_1263098_1263348,YDR395W,TFIIB
chrIV_1266889_1267545,YDR398W,TFIIB
chrIV_1269482_1270137,YDR399W,TFIIB
chrIV_1305781_1306134,YDR420W,TFIIB
chrIV_1328412_1328911,YDR432W,TFIIB
chrIV_1331034_1331233,YDR434W,TFIIB
chrIV_1352662_1352895,YDR445C,TFIIB
chrIV_1362108_1362876,YDR451C,TFIIB
chrIV_1366739_1367152,YDR454C,TFIIB
chrIV_1386599_1386909,YDR463W,TFIIB
chrIV_1398692_1399091,YDR469W,TFIIB
chrIV_1402652_1403383,snR13,TFIIB
chrIV_1411933_1412251,YDR477W,TFIIB
chrIV_1420834_1421255,YDR483W,TFIIB
chrIV_1430819_1431081,YDR489W,TFIIB
chrIV_1434261_1434877,YDR490C,TFIIB
chrIV_1443305_1443590,YDR496C,TFIIB
chrIV_1446920_1447142,YDR498C,TFIIB
chrIV_1459249_1459855,YDR505C,TFIIB
chrIV_1465767_1466188,YDR507C,TFIIB
chrIV_1468322_1468757,YDR508C,TFIIB
chrIV_1469154_1469497,YDR510W,TFIIB
chrIV_1472958_1473291,YDR514C,TFIIB
chrIV_1483386_1483656,YDR520C,TFIIB
chrIV_1488917_1489254,YDR524C,TFIIB
chrIV_1489645_1490776,YDR524C-A,TFIIB
chrIV_1507668_1508113,YDR536W,TFIIB
chrIX_37007_37379,YIL163C,TFIIB
chrIX_89601_89874,YIL138C,TFIIB
chrIX_127222_128163,YIL123W,TFIIB
chrIX_137961_138288,YIL119C,TFIIB
chrIX_151280_151658,YIL112W,TFIIB
chrIX_165798_166505,YIL106W,TFIIB
chrIX_171483_171739,YIL104C,TFIIB
chrIX_188736_189036,YIL093C,TFIIB
chrIX_199368_199645,YIL088C,TFIIB
chrIX_230993_231324,YIL070C,TFIIB
chrIX_246240_246465,YIL060W,TFIIB
chrIX_249458_249933,YIL056W,TFIIB
chrIX_254615_255195,YIL053W,TFIIB
chrIX_258203_258948,YIL051C,TFIIB
chrIX_278224_278439,YIL039W,TFIIB
chrIX_360421_360981,YIR003W,TFIIB
chrIX_362960_363326,YIR004W,TFIIB
chrIX_375238_375469,YIR010W,TFIIB
chrIX_383930_384265,YIR017C,TFIIB
chrIX_384470_384722,YIR018W,TFIIB
chrIX_398479_398827,YIR022W,TFIIB
chrV_30_439,YEL077W-A,TFIIB
chrV_13350_13774,YEL072W,TFIIB
chrV_41894_42190,YEL060C,TFIIB
chrV_58206_58443,YEL051W,TFIIB
chrV_59174_59409,YEL050W-A,TFIIB
chrV_75536_75806,YEL041W,TFIIB
chrV_100462_100849,YEL027W,TFIIB
chrV_101616_102016,YEL026W,TFIIB
chrV_122812_123288,YEL017C-A,TFIIB
chrV_128389_128714,YEL014C,TFIIB
chrV_140138_140707,YEL008W,TFIIB
chrV_153195_153566,YER001W,TFIIB
chrV_160373_160582,YER005W,TFIIB
chrV_178508_178860,YER013W,TFIIB
chrV_196714_197063,YER021W,TFIIB
chrV_208395_208747,YER026C,TFIIB
chrV_251505_251743,YER049W,TFIIB
chrV_268032_268475,YER056C,TFIIB
chrV_284133_284541,YER064C,TFIIB
chrV_298652_299044,YER070W,TFIIB
chrV_366655_366868,YER104W,TFIIB
chrV_387025_387277,YER112W,TFIIB
chrV_444408_449592,YER138C,TFIIB
chrV_462296_462610,YER146W,TFIIB
chrV_472393_472624,YER151C,TFIIB
chrV_495622_498082,YER160C,TFIIB
chrV_500282_500680,YER161C,TFIIB
chrV_504943_505210,YER164W,TFIIB
chrV_512329_512599,YER166W,TFIIB
chrV_526759_527052,YER171W,TFIIB
chrV_535955_536397,YER173W,TFIIB
chrV_539198_539457,YER174C,TFIIB
chrV_541330_541726,YER176W,TFIIB
chrV_562584_563247,YER186C,TFIIB
chrVI_127_805,YFL067W,TFIIB
chrVI_28048_28332,YFL052W,TFIIB
chrVI_44282_44867,YFL045C,TFIIB
chrVI_63914_64176,YFL034C-B,TFIIB
chrVI_81831_82101,YFL027C,TFIIB
chrVI_82389_82609,YFL026W,TFIIB
chrVI_94958_95281,YFL022C,TFIIB
chrVI_103028_103786,YFL018C,TFIIB
chrVI_119092_119487,YFL008W,TFIIB
chrVI_131259_131886,YFL004W,TFIIB
chrVI_153085_153501,YFR004W,TFIIB
chrVI_159105_159343,YFR007W,TFIIB
chrVI_203318_203678,YFR024C-A,TFIIB
chrVI_209984_210258,YFR028C,TFIIB
chrVI_213078_213353,YFR030W,TFIIB
chrVI_220066_220258,YFR031C,TFIIB
chrVI_238219_238432,YFR041C,TFIIB
chrVI_244106_244306,YFR046C,TFIIB
chrVII_23608_24044,YGL253W,TFIIB
chrVII_27390_27861,YGL252C,TFIIB
chrVII_38692_39144,YGL245W,TFIIB
chrVII_41291_41584,YGL244W,TFIIB
chrVII_49339_49661,YGL238W,TFIIB
chrVII_53504_53771,YGL237C,TFIIB
chrVII_58962_59165,YGL233W,TFIIB
chrVII_76665_76968,YGL225W,TFIIB
chrVII_82221_82563,YGL220W,TFIIB
chrVII_114642_115035,YGL203C,TFIIB
chrVII_115672_116062,YGL202W,TFIIB
chrVII_144080_144958,YGL191W,TFIIB
chrVII_167395_167932,YGL177W,TFIIB
chrVII_173107_173366,YGL176C,TFIIB
chrVII_257208_257608,YGL133W,TFIIB
chrVII_265792_266190,YGL131C,TFIIB
chrVII_272171_272487,YGL125W,TFIIB
chrVII_280367_280930,YGL122C,TFIIB
chrVII_299664_300057,YGL111W,TFIIB
chrVII_313047_313315,YGL100W,TFIIB
chrVII_316571_316955,snR82,TFIIB
chrVII_384874_385295,YGL062W,TFIIB
chrVII_389769_389989,YGL061C,TFIIB
chrVII_397528_398784,YGL055W,TFIIB
chrVII_417114_417543,YGL043W,TFIIB
chrVII_426753_427383,YGL038C,TFIIB
chrVII_439863_440111,YGL029W,TFIIB
chrVII_478537_478942,YGL009C,TFIIB
chrVII_482672_483193,YGL007C-A,TFIIB
chrVII_494153_494607,YGL002W,TFIIB
chrVII_505783_506173,YGR006W,TFIIB
chrVII_506630_507103,YGR007W,TFIIB
chrVII_516116_516848,YGR014W,TFIIB
chrVII_523353_523696,YGR017W,TFIIB
chrVII_535681_537619,YGR027W-B,TFIIB
chrVII_543456_543658,YGR029W,TFIIB
chrVII_557387_557656,YGR035W-A,TFIIB
chrVII_558961_559304,YGR036C,TFIIB
chrVII_567444_567732,YGR038C-A,TFIIB
chrVII_574838_575399,YGR039W,TFIIB
chrVII_605475_606133,YGR057C,TFIIB
chrVII_624691_625385,YGR067C,TFIIB
chrVII_634012_634343,YGR071C,TFIIB
chrVII_640322_640853,YGR079W,TFIIB
chrVII_643675_644107,YGR081C,TFIIB
chrVII_656338_656799,YGR089W,TFIIB
chrVII_661948_662179,YGR090W,TFIIB
chrVII_667638_668207,YGR092W,TFIIB
chrVII_676271_676626,YGR095C,TFIIB
chrVII_687598_687893,YGR099W,TFIIB
chrVII_702387_702845,YGR107W,TFIIB
chrVII_703053_703545,YGR108W,TFIIB
chrVII_718696_718940,YGR113W,TFIIB
chrVII_730756_730985,YGR120C,TFIIB
chrVII_745595_745787,YGR126W,TFIIB
chrVII_761114_761462,YGR135W,TFIIB
chrVII_772023_772521,YGR142W,TFIIB
chrVII_784922_785710,YGR146C-A,TFIIB
chrVII_795534_795983,YGR152C,TFIIB
chrVII_801677_802396,YGR157W,TFIIB
chrVII_821465_823277,YGR161C-D,TFIIB
chrVII_832171_832535,YGR167W,TFIIB
chrVII_834445_834669,YGR168C,TFIIB
chrVII_836597_837171,YGR169C-A,TFIIB
chrVII_856223_856656,YGR180C,TFIIB
chrVII_867403_867881,YGR185C,TFIIB
chrVII_882883_884199,YGR192C,TFIIB
chrVII_888622_888880,YGR195W,TFIIB
chrVII_897342_897617,YGR199W,TFIIB
chrVII_914694_915300,YGR211W,TFIIB
chrVII_921979_922236,YGR215W,TFIIB
chrVII_938983_940048,snR7-L,TFIIB
chrVII_950987_951339,YGR229C,TFIIB
chrVII_958236_960077,YGR234W,TFIIB
chrVII_961979_962624,YGR235C,TFIIB
chrVII_973799_974413,YGR240C,TFIIB
chrVII_979264_979902,YGR244C,TFIIB
chrVII_996694_996936,YGR252W,TFIIB
chrVII_1007302_1007576,YGR257C,TFIIB
chrVII_1025759_1026233,YGR267C,TFIIB
chrVII_1049916_1050294,YGR279C,TFIIB
chrVII_1051636_1051850,YGR280C,TFIIB
chrVII_1076016_1076506,YGR291C,TFIIB
chrVIII_20950_21863,YHL039W,TFIIB
chrVIII_56247_56676,YHL024W,TFIIB
chrVIII_108556_108756,YHR002W,TFIIB
chrVIII_117610_117924,YHR006W,TFIIB
chrVIII_121608_122132,YHR007C,TFIIB
chrVIII_164605_164956,YHR027C,TFIIB
chrVIII_175303_175651,YHR033W,TFIIB
chrVIII_195109_195464,YHR045W,TFIIB
chrVIII_201238_201717,YHR047C,TFIIB
chrVIII_206291_206553,YHR049W,TFIIB
chrVIII_207110_207611,YHR049C-A,TFIIB
chrVIII_222379_222811,YHR061C,TFIIB
chrVIII_223673_223892,YHR062C,TFIIB
chrVIII_234573_234933,YHR069C,TFIIB
chrVIII_242218_242629,YHR073W,TFIIB
chrVIII_250896_251194,YHR076W,TFIIB
chrVIII_266872_267572,YHR081W,TFIIB
chrVIII_277753_278085,YHR086W,TFIIB
chrVIII_284507_284818,YHR090C,TFIIB
chrVIII_314635_315020,YHR100C,TFIIB
chrVIII_319832_320347,YHR103W,TFIIB
chrVIII_337886_338083,YHR114W,TFIIB
chrVIII_345578_345950,YHR118C,TFIIB
chrVIII_360746_360977,YHR127W,TFIIB
chrVIII_369704_370178,YHR132W-A,TFIIB
chrVIII_374300_375877,YHR136C,TFIIB
chrVIII_381153_381734,snR32,TFIIB
chrVIII_389279_389497,YHR145C,TFIIB
chrVIII_417223_417548,YHR159W,TFIIB
chrVIII_423531_423794,YHR163W,TFIIB
chrVIII_436945_437339,YHR165C,TFIIB
chrVIII_440157_440427,YHR168W,TFIIB
chrVIII_443607_443906,YHR170W,TFIIB
chrVIII_450953_451503,YHR173C,TFIIB
chrVIII_480619_481044,YHR187W,TFIIB
chrVIII_486598_486865,YHR192W,TFIIB
chrVIII_512327_512570,YHR206W,TFIIB
chrVIII_549431_549695,YHR214C-C,TFIIB
chrVIII_553815_554303,YHR216W,TFIIB
chrX_53119_53375,YJL203W,TFIIB
chrX_58765_59103,YJL200C,TFIIB
chrX_71239_71442,YJL193W,TFIIB
chrX_109487_109892,YJL165C,TFIIB
chrX_122847_123233,YJL158C,TFIIB
chrX_150384_151008,YJL140W,TFIIB
chrX_184248_184480,YJL126W,TFIIB
chrX_186620_186859,YJL125C,TFIIB
chrX_189333_189819,YJL123C,TFIIB
chrX_191008_191228,YJL121C,TFIIB
chrX_207653_207980,YJL111W,TFIIB
chrX_211532_211873,YJL110C,TFIIB
chrX_217204_217573,YJL109C,TFIIB
chrX_227788_228752,snR37,TFIIB
chrX_239173_239468,YJL099W,TFIIB
chrX_241592_242031,YJL098W,TFIIB
chrX_247010_247229,YJL095W,TFIIB
chrX_289288_289742,YJL080C,TFIIB
chrX_334089_334362,YJL054W,TFIIB
chrX_337416_338238,YJL052C-A,TFIIB
chrX_352127_352477,YJL046W,TFIIB
chrX_365582_365850,YJL041W,TFIIB
chrX_402383_402670,YJL020C,TFIIB
chrX_405064_405485,YJL016W,TFIIB
chrX_407232_407638,YJL015C,TFIIB
chrX_421568_422033,YJL008C,TFIIB
chrX_455935_456222,YJR010W,TFIIB
chrX_472437_474332,YJR027W,TFIIB
chrX_477787_481319,YJR029W,TFIIB
chrX_486128_486657,YJR030C,TFIIB
chrX_496400_496712,YJR033C,TFIIB
chrX_535610_536017,YJR054W,TFIIB
chrX_548377_548841,YJR060W,TFIIB
chrX_554783_555288,YJR063W,TFIIB
chrX_569341_569566,YJR069C,TFIIB
chrX_582238_582607,YJR082C,TFIIB
chrX_611962_612341,YJR097W,TFIIB
chrX_615293_615567,YJR099W,TFIIB
chrX_649579_650194,YJR122W,TFIIB
chrX_651617_652073,YJR123W,TFIIB
chrX_655877_656171,YJR125C,TFIIB
chrX_663468_663995,snR3,TFIIB
chrX_675797_676007,YJR134C,TFIIB
chrX_683229_683566,YJR137C,TFIIB
chrX_704864_705830,YJR148W,TFIIB
chrXI_67393_67937,YKL201C,TFIIB
chrXI_79822_80065,YKL193C,TFIIB
chrXI_96115_96742,YKL184W,TFIIB
chrXI_99935_100599,YKL182W,TFIIB
chrXI_114622_114867,YKL178C,TFIIB
chrXI_118158_118874,YKL175W,TFIIB
chrXI_122212_122604,YKL173W,TFIIB
chrXI_164200_165240,YKL152C,TFIIB
chrXI_171046_171889,YKL146W,TFIIB
chrXI_173966_174321,YKL145W,TFIIB
chrXI_179148_179806,YKL141W,TFIIB
chrXI_184984_185182,YKL138C-A,TFIIB
chrXI_188626_188916,YKL135C,TFIIB
chrXI_191451_191740,1-Oct,TFIIB
chrXI_217056_217408,YKL120W,TFIIB
chrXI_219203_219430,YKL119C,TFIIB
chrXI_222951_223386,YKL115C,TFIIB
chrXI_225790_226051,YKL113C,TFIIB
chrXI_226317_226558,YKL112W,TFIIB
chrXI_229769_230535,YKL110C,TFIIB
chrXI_230780_232143,YKL109W,TFIIB
chrXI_237059_237577,YKL106C-A,TFIIB
chrXI_242656_242870,YKL105C,TFIIB
chrXI_248449_248789,YKL102C,TFIIB
chrXI_258694_259431,YKL097C,TFIIB
chrXI_273173_273376,YKL089W,TFIIB
chrXI_282242_283023,YKL081W,TFIIB
chrXI_291082_291517,YKL077W,TFIIB
chrXI_306905_307367,YKL069W,TFIIB
chrXI_322925_323288,YKL062W,TFIIB
chrXI_327324_327850,YKL060C,TFIIB
chrXI_334794_335429,YKL056C,TFIIB
chrXI_338689_339164,YKL054C,TFIIB
chrXI_349079_349529,YKL047W,TFIIB
chrXI_353210_353547,YKL045W,TFIIB
chrXI_358236_358441,YKL042W,TFIIB
chrXI_361762_362577,YKL040C,TFIIB
chrXI_369603_369890,YKL035W,TFIIB
chrXI_375336_375567,YKL033W,TFIIB
chrXI_401995_402628,YKL020C,TFIIB
chrXI_439311_439761,YKL001C,TFIIB
chrXI_442653_443168,YKR001C,TFIIB
chrXI_463553_464014,YKR013W,TFIIB
chrXI_466083_466499,YKR014C,TFIIB
chrXI_489697_489988,YKR026C,TFIIB
chrXI_493532_494026,YKR028W,TFIIB
chrXI_499762_500313,YKR029C,TFIIB
chrXI_521655_522017,YKR043C,TFIIB
chrXI_565793_566102,YKR065C,TFIIB
chrXI_575855_576337,YKR071C,TFIIB
chrXI_578863_579311,YKR074W,TFIIB
chrXI_583253_583747,YKR077W,TFIIB
chrXI_604123_604444,YKR087C,TFIIB
chrXII_6423_6844,YLL066W-A,TFIIB
chrXII_49495_50009,YLL043W,TFIIB
chrXII_73137_73416,YLL034C,TFIIB
chrXII_97332_97930,YLL024C,TFIIB
chrXII_179553_180126,YLR018C,TFIIB
chrXII_184809_185098,YLR022C,TFIIB
chrXII_187124_187594,YLR023C,TFIIB
chrXII_194216_194515,YLR025W,TFIIB
chrXII_198518_198970,snR30,TFIIB
chrXII_204649_205031,YLR032W,TFIIB
chrXII_208489_208869,YLR033W,TFIIB
chrXII_211971_212277,YLR034C,TFIIB
chrXII_233947_234500,YLR044C,TFIIB
chrXII_237618_237885,YLR045C,TFIIB
chrXII_245246_245684,YLR049C,TFIIB
chrXII_289050_291482,YLR081W,TFIIB
chrXII_296083_296402,YLR083C,TFIIB
chrXII_300189_300497,YLR084C,TFIIB
chrXII_323283_323589,YLR092W,TFIIB
chrXII_327380_327638,YLR093C,TFIIB
chrXII_345981_346184,YLR103C,TFIIB
chrXII_371086_371594,YLR113W,TFIIB
chrXII_406902_407210,YLR131C,TFIIB
chrXII_418110_418409,YLR138W,TFIIB
chrXII_431983_432224,YLR145W,TFIIB
chrXII_433697_433959,YLR146W-A,TFIIB
chrXII_434377_434701,YLR147C,TFIIB
chrXII_447505_448075,YLR153C,TFIIB
chrXII_479891_481891,YLR157C-B,TFIIB
chrXII_505839_506261,YLR175W,TFIIB
chrXII_523261_523712,YLR186W,TFIIB
chrXII_534381_534990,YLR189C,TFIIB
chrXII_540437_540890,YLR193C,TFIIB
chrXII_568290_568603,YLR214W,TFIIB
chrXII_576527_576800,YLR220W,TFIIB
chrXII_581678_581994,YLR222C,TFIIB
chrXII_588867_589375,YLR225C,TFIIB
chrXII_593146_595054,YLR227W-B,TFIIB
chrXII_609476_609738,YLR233C,TFIIB
chrXII_620305_620549,YLR241W,TFIIB
chrXII_636477_636925,YLR249W,TFIIB
chrXII_650813_652423,YLR256W-A,TFIIB
chrXII_665609_665802,YLR260W,TFIIB
chrXII_669551_670067,YLR262C-A,TFIIB
chrXII_677520_677802,YLR266C,TFIIB
chrXII_699526_699785,YLR277C,TFIIB
chrXII_712044_712244,YLR287C,TFIIB
chrXII_721299_721817,YLR293C,TFIIB
chrXII_728033_728358,YLR299C-A,TFIIB
chrXII_732256_732623,YLR303W,TFIIB
chrXII_737393_738214,YLR304C,TFIIB
chrXII_762373_762576,YLR313C,TFIIB
chrXII_766345_766575,YLR318W,TFIIB
chrXII_771646_771985,YLR320W,TFIIB
chrXII_778923_779235,YLR323C,TFIIB
chrXII_784588_784813,YLR328W,TFIIB
chrXII_790109_790463,YLR332W,TFIIB
chrXII_802328_802543,YLR336C,TFIIB
chrXII_809525_809915,YLR342W,TFIIB
chrXII_826401_827045,YLR347C,TFIIB
chrXII_827792_828775,YLR348C,TFIIB
chrXII_837279_837680,YLR354C,TFIIB
chrXII_839140_839582,YLR355C,TFIIB
chrXII_844037_844298,YLR359W,TFIIB
chrXII_873490_873867,YLR376C,TFIIB
chrXII_879474_879734,YLR381W,TFIIB
chrXII_884745_885269,YLR382C,TFIIB
chrXII_898830_899392,snR34,TFIIB
chrXII_902526_903819,YLR390W,TFIIB
chrXII_906416_907184,YLR393W,TFIIB
chrXII_914808_915022,YLR397C,TFIIB
chrXII_924382_924626,YLR401C,TFIIB
chrXII_940802_942664,YLR410W-B,TFIIB
chrXII_946549_947070,YLR411W,TFIIB
chrXII_988121_988413,YLR427W,TFIIB
chrXII_992969_993285,YLR430W,TFIIB
chrXII_1001952_1002575,YLR432W,TFIIB
chrXII_1006018_1006429,YLR435W,TFIIB
chrXII_1022185_1022584,YLR442C,TFIIB
chrXII_1030574_1030878,YLR449W,TFIIB
chrXII_1053062_1053499,YLR455W,TFIIB
chrXII_1065966_1066166,YLR462W,TFIIB
chrXIII_9988_10218,YML131W,TFIIB
chrXIII_25622_26121,YML123C,TFIIB
chrXIII_43478_44119,YML114C,TFIIB
chrXIII_56141_56698,YML107C,TFIIB
chrXIII_58626_58960,YML105C,TFIIB
chrXIII_79635_79953,YML097C,TFIIB
chrXIII_82909_83188,YML093W,TFIIB
chrXIII_86600_86954,YML092C,TFIIB
chrXIII_111681_111942,YML077W,TFIIB
chrXIII_129376_129896,YML072C,TFIIB
chrXIII_137359_137578,YML068W,TFIIB
chrXIII_140117_140375,YML067C,TFIIB
chrXIII_158205_158490,YML059C,TFIIB
chrXIII_164139_164850,YML055W,TFIIB
chrXIII_169723_169937,YML053C,TFIIB
chrXIII_184296_184505,YML045W-A,TFIIB
chrXIII_195680_196091,YML041C,TFIIB
chrXIII_196310_197826,YML039W,TFIIB
chrXIII_235965_236236,YML018C,TFIIB
chrXIII_260021_260260,YML005W,TFIIB
chrXIII_271848_272263,YMR002W,TFIIB
chrXIII_279624_279981,YMR006C,TFIIB
chrXIII_284622_285006,YMR010W,TFIIB
chrXIII_287840_288178,YMR011W,TFIIB
chrXIII_296723_297316,snR78,TFIIB
chrXIII_302395_302901,YMR015C,TFIIB
chrXIII_305589_306097,YMR016C,TFIIB
chrXIII_325477_325936,YMR027W,TFIIB
chrXIII_340803_341121,YMR035W,TFIIB
chrXIII_348195_348709,YMR038C,TFIIB
chrXIII_349555_350326,YMR039C,TFIIB
chrXIII_353268_353942,YMR043W,TFIIB
chrXIII_362564_362933,YMR046W-A,TFIIB
chrXIII_375008_378603,YMR050C,TFIIB
chrXIII_422090_422430,YMR077C,TFIIB
chrXIII_431103_431597,YMR081C,TFIIB
chrXIII_432040_432403,YMR082C,TFIIB
chrXIII_434518_434866,YMR083W,TFIIB
chrXIII_448172_448597,YMR089C,TFIIB
chrXIII_465769_466093,YMR100W,TFIIB
chrXIII_494775_495009,YMR113W,TFIIB
chrXIII_501828_502173,YMR117C,TFIIB
chrXIII_523375_523711,YMR128W,TFIIB
chrXIII_534624_535079,YMR131C,TFIIB
chrXIII_545686_546051,YMR139W,TFIIB
chrXIII_555868_557650,YMR145C,TFIIB
chrXIII_583975_584315,YMR162C,TFIIB
chrXIII_628637_629071,YMR185W,TFIIB
chrXIII_646882_647139,YMR192W,TFIIB
chrXIII_651917_652508,snR11,TFIIB
chrXIII_653724_654026,YMR195W,TFIIB
chrXIII_662224_662592,YMR199W,TFIIB
chrXIII_668237_668589,YMR203W,TFIIB
chrXIII_674671_675171,YMR205C,TFIIB
chrXIII_701512_701879,YMR217W,TFIIB
chrXIII_715334_715605,YMR221C,TFIIB
chrXIII_716250_716558,YMR222C,TFIIB
chrXIII_722361_722583,YMR226C,TFIIB
chrXIII_724374_724700,YMR228W,TFIIB
chrXIII_739066_739279,YMR233W,TFIIB
chrXIII_751191_751979,YMR240C,TFIIB
chrXIII_759239_759949,YMR246W,TFIIB
chrXIII_773170_774976,YMR251W-A,TFIIB
chrXIII_794681_794945,YMR263W,TFIIB
chrXIII_795570_795886,YMR264W,TFIIB
chrXIII_818536_818915,YMR276W,TFIIB
chrXIII_835023_835429,YMR282C,TFIIB
chrXIII_851552_851762,YMR290C,TFIIB
chrXIII_867038_867468,YMR300C,TFIIB
chrXIII_886191_886569,YMR306C-A,TFIIB
chrXIII_886713_887132,YMR307W,TFIIB
chrXIII_912130_912484,YMR318C,TFIIB
chrXIV_19221_19484,YNL330C,TFIIB
chrXIV_34126_34758,YNL322C,TFIIB
chrXIV_37524_37737,YNL320W,TFIIB
chrXIV_51644_51845,YNL311C,TFIIB
chrXIV_64439_64821,YNL301C,TFIIB
chrXIV_65419_65773,YNL300W,TFIIB
chrXIV_66264_66506,YNL299W,TFIIB
chrXIV_85940_86322,YNL290W,TFIIB
chrXIV_87167_87968,YNL289W,TFIIB
chrXIV_102099_102414,YNL284C-A,TFIIB
chrXIV_108104_108604,YNL281W,TFIIB
chrXIV_112752_113270,YNL278W,TFIIB
chrXIV_116446_116715,YNL277W-A,TFIIB
chrXIV_164297_164616,YNL257C,TFIIB
chrXIV_186817_187047,YNL245C,TFIIB
chrXIV_187394_188137,YNL244C,TFIIB
chrXIV_191127_191330,YNL242W,TFIIB
chrXIV_201954_202285,YNL238W,TFIIB
chrXIV_206725_207018,YNL236W,TFIIB
chrXIV_211552_211841,YNL233W,TFIIB
chrXIV_217043_217444,YNL231C,TFIIB
chrXIV_224395_224689,YNL225C,TFIIB
chrXIV_230510_230929,snR19,TFIIB
chrXIV_233651_234497,YNL220W,TFIIB
chrXIV_237675_238211,YNL219C,TFIIB
chrXIV_239806_240397,YNL217W,TFIIB
chrXIV_241200_241713,YNL216W,TFIIB
chrXIV_244278_244518,YNL215W,TFIIB
chrXIV_247044_247517,YNL213C,TFIIB
chrXIV_255091_255355,YNL207W,TFIIB
chrXIV_259392_259643,YNL202W,TFIIB
chrXIV_281837_282311,YNL190W,TFIIB
chrXIV_295567_295907,YNL183C,TFIIB
chrXIV_318763_319092,YNL168C,TFIIB
chrXIV_323499_323840,YNL166C,TFIIB
chrXIV_332100_332588,YNL161W,TFIIB
chrXIV_345317_346403,YNL153C,TFIIB
chrXIV_356779_357312,YNL143C,TFIIB
chrXIV_365716_366287,YNL138W-A,TFIIB
chrXIV_373538_373815,YNL134C,TFIIB
chrXIV_394537_394735,YNL123W,TFIIB
chrXIV_400881_401142,YNL119W,TFIIB
chrXIV_413405_413714,YNL112W,TFIIB
chrXIV_429757_430120,YNL102W,TFIIB
chrXIV_441191_441500,YNL097W-A,TFIIB
chrXIV_447157_447442,YNL094W,TFIIB
chrXIV_456270_456535,YNL090W,TFIIB
chrXIV_457464_457757,YNL088W,TFIIB
chrXIV_473212_473436,YNL082W,TFIIB
chrXIV_480887_481354,YNL077W,TFIIB
chrXIV_483149_483417,YNL076W,TFIIB
chrXIV_490165_490359,YNL072W,TFIIB
chrXIV_507086_507901,YNL063W,TFIIB
chrXIV_537848_538242,YNL048W,TFIIB
chrXIV_558957_559879,YNL036W,TFIIB
chrXIV_575913_576913,YNL030W,TFIIB
chrXIV_585247_585734,NME1,TFIIB
chrXIV_618184_618377,YNL008C,TFIIB
chrXIV_633679_634875,YNR003W-A,TFIIB
chrXIV_642466_642704,YNR009W,TFIIB
chrXIV_676000_676192,YNR028W,TFIIB
chrXIV_703495_703749,YNR044W,TFIIB
chrXIV_715332_716306,snR49,TFIIB
chrXIV_722995_723427,YNR053C,TFIIB
chrXIV_754896_755240,YNR066C,TFIIB
chrXV_15506_15740,YOL159C-A,TFIIB
chrXV_87223_87624,YOL123W,TFIIB
chrXV_96362_96777,YOL119C,TFIIB
chrXV_101303_101520,YOL115W,TFIIB
chrXV_106306_106651,YOL112W,TFIIB
chrXV_111800_112074,YOL108C,TFIIB
chrXV_117677_122619,YOL103W-B,TFIIB
chrXV_123309_123875,YOL103W,TFIIB
chrXV_128817_129149,YOL100W,TFIIB
chrXV_144051_144290,YOL092W,TFIIB
chrXV_147047_147453,YOL090W,TFIIB
chrXV_153416_153730,YOL089C,TFIIB
chrXV_160465_160902,YOL086C,TFIIB
chrXV_194720_195037,YOL073C,TFIIB
chrXV_198651_199009,YOL070C,TFIIB
chrXV_201710_201946,YOL068C,TFIIB
chrXV_202433_202705,YOL067C,TFIIB
chrXV_207105_207324,YOL064C,TFIIB
chrXV_230087_230288,YOL053W,TFIIB
chrXV_231690_232014,YOL052C-A,TFIIB
chrXV_256156_256495,YOL036W,TFIIB
chrXV_281506_281716,YOL022C,TFIIB
chrXV_285348_285598,YOL021C,TFIIB
chrXV_303058_303468,YOL013C,TFIIB
chrXV_303971_304774,YOL012C,TFIIB
chrXV_305166_305378,YOL011W,TFIIB
chrXV_315364_315880,YOL006C,TFIIB
chrXV_326671_326916,YOR001W,TFIIB
chrXV_329181_329490,YOR002W,TFIIB
chrXV_338564_338872,YOR006C,TFIIB
chrXV_357138_357561,YOR014W,TFIIB
chrXV_370722_371106,YOR020C,TFIIB
chrXV_394510_394945,YOR033C,TFIIB
chrXV_407934_408526,snR9,TFIIB
chrXV_431594_431838,YOR056C,TFIIB
chrXV_472510_472849,YOR078W,TFIIB
chrXV_492801_493523,YOR091W,TFIIB
chrXV_524929_525290,YOR109W,TFIIB
chrXV_531164_531498,YOR112W,TFIIB
chrXV_537260_537474,YOR114W,TFIIB
chrXV_579718_580339,YOR136W,TFIIB
chrXV_594853_597246,YOR142W-B,TFIIB
chrXV_606045_606725,YOR145C,TFIIB
chrXV_619476_619815,YOR153W,TFIIB
chrXV_642063_642760,YOR163W,TFIIB
chrXV_644362_644615,YOR165W,TFIIB
chrXV_661676_662411,YOR176W,TFIIB
chrXV_671135_672649,YOR179C,TFIIB
chrXV_675154_675957,YOR181W,TFIIB
chrXV_680900_681134,snR36,TFIIB
chrXV_683441_684151,YOR187W,TFIIB
chrXV_704148_704403,YOR192C-C,TFIIB
chrXV_741640_741934,YOR211C,TFIIB
chrXV_754971_755405,YOR220W,TFIIB
chrXV_759351_759838,snR35,TFIIB
chrXV_762019_762725,YOR226C,TFIIB
chrXV_775479_775780,YOR233W,TFIIB
chrXV_786972_787286,YOR241W,TFIIB
chrXV_795274_795514,YOR245C,TFIIB
chrXV_796729_797594,YOR246C,TFIIB
chrXV_820786_821020,YOR266W,TFIIB
chrXV_849284_849796,YOR285W,TFIIB
chrXV_850091_850381,YOR286W,TFIIB
chrXV_869798_870200,YOR296W,TFIIB
chrXV_880554_881071,YOR301W,TFIIB
chrXV_882425_882701,YOR302W,TFIIB
chrXV_904419_904868,YOR315W,TFIIB
chrXV_921153_921490,YOR322C,TFIIB
chrXV_960093_960370,YOR340C,TFIIB
chrXV_960694_961007,YOR341W,TFIIB
chrXV_967584_968237,YOR342C,TFIIB
chrXV_968488_969261,YOR343C,TFIIB
chrXV_969875_970565,YOR343W-A,TFIIB
chrXV_978070_978578,YOR344C,TFIIB
chrXV_986437_986686,YOR347C,TFIIB
chrXV_1017433_1017741,YOR361C,TFIIB
chrXV_1025867_1026073,YOR367W,TFIIB
chrXV_1036403_1036864,YOR372C,TFIIB
chrXV_1042936_1043342,YOR376W,TFIIB
chrXV_1061011_1061280,YOR383C,TFIIB
chrXVI_32891_33114,YPL269W,TFIIB
chrXVI_56409_58666,YPL257W-B,TFIIB
chrXVI_66671_67024,YPL256C,TFIIB
chrXVI_69140_69367,YPL254W,TFIIB
chrXVI_85240_85663,YPL245W,TFIIB
chrXVI_121229_121869,YPL226W,TFIIB
chrXVI_138485_138781,YPL218W,TFIIB
chrXVI_143109_143504,YPL217C,TFIIB
chrXVI_153080_153606,YPL211W,TFIIB
chrXVI_156095_156449,YPL210C,TFIIB
chrXVI_157609_157907,YPL208W,TFIIB
chrXVI_181066_181485,YPL193W,TFIIB
chrXVI_207669_208125,YPL179W,TFIIB
chrXVI_213961_214340,YPL177C,TFIIB
chrXVI_225789_226130,YPL172C,TFIIB
chrXVI_230739_231227,YPL169C,TFIIB
chrXVI_242661_242940,YPL163C,TFIIB
chrXVI_246757_247077,YPL160W,TFIIB
chrXVI_251654_252171,YPL159C,TFIIB
chrXVI_254229_254896,YPL157W,TFIIB
chrXVI_256684_257118,YPL156C,TFIIB
chrXVI_277451_277695,YPL146C,TFIIB
chrXVI_279797_280578,YPL144W,TFIIB
chrXVI_281415_281740,snR17b,TFIIB
chrXVI_305135_305390,YPL129W,TFIIB
chrXVI_308175_308419,YPL128C,TFIIB
chrXVI_313099_313402,YPL125W,TFIIB
chrXVI_329192_329545,YPL116W,TFIIB
chrXVI_338591_338870,YPL112C,TFIIB
chrXVI_339688_340021,YPL111W,TFIIB
chrXVI_348800_349173,YPL107W,TFIIB
chrXVI_352167_352772,YPL106C,TFIIB
chrXVI_382951_383440,YPL087W,TFIIB
chrXVI_404640_405173,YPL081W,TFIIB
chrXVI_418243_418447,YPL072W,TFIIB
chrXVI_431444_431688,YPL062W,TFIIB
chrXVI_431827_432735,YPL061W,TFIIB
chrXVI_444233_444670,YPL059W,TFIIB
chrXVI_450397_450802,YPL058C,TFIIB
chrXVI_453031_453552,YPL057C,TFIIB
chrXVI_458427_458757,YPL053C,TFIIB
chrXVI_462012_462326,YPL050C,TFIIB
chrXVI_478922_479262,YPL040C,TFIIB
chrXVI_502063_502645,YPL026C,TFIIB
chrXVI_520453_520809,YPL016W,TFIIB
chrXVI_554262_554697,YPL001W,TFIIB
chrXVI_572498_572944,YPR008W,TFIIB
chrXVI_594223_594439,YPR018W,TFIIB
chrXVI_607299_607697,YPR022C,TFIIB
chrXVI_623235_623616,YPR028W,TFIIB
chrXVI_641804_642229,YPR035W,TFIIB
chrXVI_644844_646240,YPR036W-A,TFIIB
chrXVI_658959_659223,YPR048W,TFIIB
chrXVI_681859_682273,YPR067W,TFIIB
chrXVI_699928_701196,YPR080W,TFIIB
chrXVI_709816_710071,YPR085C,TFIIB
chrXVI_739872_740138,YPR106W,TFIIB
chrXVI_742032_742495,YPR108W,TFIIB
chrXVI_744290_744718,YPR109W,TFIIB
chrXVI_751849_752065,YPR112C,TFIIB
chrXVI_785831_786174,YPR124W,TFIIB
chrXVI_806633_810666,YPR137C-B,TFIIB
chrXVI_818049_818417,YPR143W,TFIIB
chrXVI_829428_829964,YPR149W,TFIIB
chrXVI_837308_837728,YPR155C,TFIIB
chrXVI_844228_846865,YPR158W-B,TFIIB
chrXVI_857115_857455,YPR159W,TFIIB
chrXVI_866409_866632,YPR161C,TFIIB
chrXVI_874760_875329,YPR165W,TFIIB
chrXVI_883662_883903,YPR171W,TFIIB
chrXVI_906799_906993,YPR185W,TFIIB
chrXVI_912387_912719,YPR188C,TFIIB
chrXVI_921611_921825,YPR192W,TFIIB
chrXVI_933838_934069,YPR198W,TFIIB
chrXVI_943342_943746,YPR203W,TFIIB
chrI_81936_82097,YAL034C,TFIIE
chrI_99713_99876,YAL026C,TFIIE
chrII_366520_366712,YBR062C,TFIIE
chrIII_12461_13167,YCL067C,TFIIE
chrIV_473012_473337,YDR013W,TFIIE
chrIV_519109_519274,YDR034C-D,TFIIE
chrIV_582538_582753,YDR066C,TFIIE
chrIV_664888_665103,YDR104C,TFIIE
chrIV_1217519_1217717,YDR369C,TFIIE
chrIV_1224665_1224866,YDR374W-A,TFIIE
chrIV_1337148_1337352,YDR437W,TFIIE
chrIV_1525778_1526206,YDR545W,TFIIE
chrIX_100458_100648,YIL132C,TFIIE
chrIX_195468_195620,YIL089W,TFIIE
chrIX_405922_406122,YIR026C,TFIIE
chrV_75258_75957,YEL041W,TFIIE
chrV_348367_348518,YER093C-A,TFIIE
chrV_415752_415915,YER128W,TFIIE
chrV_441829_441988,YER137C,TFIIE
chrV_570636_570952,YER189W,TFIIE
chrVII_583919_584151,YGR044C,TFIIE
chrVII_626111_626552,YGR068W-A,TFIIE
chrVII_745542_745845,YGR126W,TFIIE
chrVIII_212323_216155,YHR054C,TFIIE
chrVIII_445500_445769,YHR171W,TFIIE
chrX_197951_198168,YJL114W,TFIIE
chrX_684439_684675,YJR138W,TFIIE
chrX_719098_719544,YJR152W,TFIIE
chrX_725341_725681,YJR154W,TFIIE
chrXI_14292_14616,YKL219W,TFIIE
chrXI_88498_89015,YKL188C,TFIIE
chrXI_457121_457469,YKR009C,TFIIE
chrXII_451460_468903,RDN5-1,TFIIE
chrXII_489728_490413,YLR162W-A,TFIIE
chrXII_514277_514471,YLR179C,TFIIE
chrXII_822628_823127,YLR346C,TFIIE
chrXII_946602_947040,YLR411W,TFIIE
chrXII_1071200_1071543,YLR466C-B,TFIIE
chrXII_1071983_1072380,YLR467W,TFIIE
chrXIII_4766_5202,YML133C,TFIIE
chrXIII_184260_184477,YML045W-A,TFIIE
chrXIII_455701_455892,YMR094W,TFIIE
chrXIII_863672_863867,YMR298W,TFIIE
chrXIV_387062_387281,YNL126W,TFIIE
chrXV_205862_206016,YOL065C,TFIIE
chrXV_417719_418347,YOR047C,TFIIE
chrXV_424676_424932,YOR050C,TFIIE
chrXV_440235_440456,YOR059C,TFIIE
chrXV_443177_443391,YOR062C,TFIIE
chrXV_671646_672716,YOR179C,TFIIE
chrXV_783540_783770,YOR238W,TFIIE
chrXV_848318_848464,YOR284W,TFIIE
chrXV_997056_997225,YOR352W,TFIIE
chrXV_1054816_1055494,YOR381W,TFIIE
chrXV_1084940_1085323,YOR396W,TFIIE
chrXVI_72993_73171,YPL253C,TFIIE
chrXVI_171071_171542,YPL201C,TFIIE
chrXVI_514130_514425,YPL020C,TFIIE
chrXVI_923205_924232,YPR193C,TFIIE
chrI_30940_31662,YAL062W,TFIIF
chrI_44916_45299,YAL054C,TFIIF
chrI_81820_82201,YAL034C,TFIIF
chrI_127991_128163,YAL015C,TFIIF
chrI_139413_140713,YAL004W,TFIIF
chrI_141221_142358,YAL005C,TFIIF
chrI_158627_158812,YAR007C,TFIIF
chrI_164263_164529,YAR009C,TFIIF
chrI_164894_166225,YAR010C,TFIIF
chrII_36516_36974,YBL099W,TFIIF
chrII_75052_75261,YBL079W,TFIIF
chrII_136285_136733,YBL043W,TFIIF
chrII_163842_165019,YBL029C-A,TFIIF
chrII_235634_236692,YBL002W,TFIIF
chrII_241271_241814,YBR001C,TFIIF
chrII_255468_256565,YBR010W,TFIIF
chrII_259606_260972,YBR012W-B,TFIIF
chrII_275149_279474,YBR019C,TFIIF
chrII_323990_324221,YBR043C,TFIIF
chrII_338204_338775,YBR050C,TFIIF
chrII_372540_374038,YBR067C,TFIIF
chrII_423078_423794,YBR087W,TFIIF
chrII_426775_427128,YBR090C,TFIIF
chrII_431804_432011,YBR094W,TFIIF
chrII_444651_445056,YBR101C,TFIIF
chrII_465836_466136,YBR112C,TFIIF
chrII_501473_501888,YBR132C,TFIIF
chrII_504336_504802,YBR133C,TFIIF
chrII_547169_547398,YBR153W,TFIIF
chrII_564614_565281,YBR162W-A,TFIIF
chrII_575933_576440,YBR169C,TFIIF
chrII_628782_629179,YBR203W,TFIIF
chrII_662259_662634,YBR218C,TFIIF
chrII_675207_675390,YBR228W,TFIIF
chrII_747758_747909,YBR272C,TFIIF
chrII_761080_761313,YBR279W,TFIIF
chrII_773685_773833,YBR285W,TFIIF
chrII_774428_774764,YBR286W,TFIIF
chrII_788894_789188,YBR294W,TFIIF
chrII_798501_798793,YBR296C,TFIIF
chrII_804790_805316,YBR298C-A,TFIIF
chrIII_52473_52703,YCL039W,TFIIF
chrIII_120228_120985,YCR004C,TFIIF
chrIII_122137_123555,YCR006C,TFIIF
chrIII_133071_133953,YCR010C,TFIIF
chrIII_136887_137895,YCR012W,TFIIF
chrIII_160430_160704,YCR023C,TFIIF
chrIII_186049_186381,YCR033W,TFIIF
chrIII_213929_214110,YCR051W,TFIIF
chrIII_229054_229308,YCR065W,TFIIF
chrIII_298543_299232,YCR098C,TFIIF
chrIII_302965_303165,YCR101C,TFIIF
chrIV_93814_94269,YDL205C,TFIIF
chrIV_104596_104819,YDL198C,TFIIF
chrIV_121653_122086,YDL190C,TFIIF
chrIV_141702_141974,YDL177C,TFIIF
chrIV_155571_156349,YDL171C,TFIIF
chrIV_176548_176701,YDL155W,TFIIF
chrIV_223862_224128,YDL132W,TFIIF
chrIV_247618_248365,YDL119C,TFIIF
chrIV_300042_300255,YDL088C,TFIIF
chrIV_407285_407623,YDL025C,TFIIF
chrIV_416562_417478,YDL020C,TFIIF
chrIV_439460_439705,YDL006W,TFIIF
chrIV_452478_453085,YDR002W,TFIIF
chrIV_497343_497545,YDR027C,TFIIF
chrIV_524752_525479,YDR037W,TFIIF
chrIV_530742_530959,YDR038C,TFIIF
chrIV_560673_560819,YDR052C,TFIIF
chrIV_562358_563010,YDR054C,TFIIF
chrIV_574000_574191,YDR061W,TFIIF
chrIV_616129_616815,YDR085C,TFIIF
chrIV_621520_622071,YDR089W,TFIIF
chrIV_636523_637171,YDR096W,TFIIF
chrIV_652485_653504,YDR099W,TFIIF
chrIV_671084_671286,YDR108W,TFIIF
chrIV_690350_691146,YDR119W-A,TFIIF
chrIV_718523_718669,YDR131C,TFIIF
chrIV_755018_755698,YDR150W,TFIIF
chrIV_784563_784886,YDR165W,TFIIF
chrIV_806133_806647,YDR171W,TFIIF
chrIV_817340_818025,YDR178W,TFIIF
chrIV_829334_829572,YDR183W,TFIIF
chrIV_861625_861839,YDR206W,TFIIF
chrIV_883816_884163,YDR210C-C,TFIIF
chrIV_892157_892929,YDR214W,TFIIF
chrIV_911465_911868,YDR223W,TFIIF
chrIV_914525_915708,YDR224C,TFIIF
chrIV_955546_955904,YDR247W,TFIIF
chrIV_959930_960401,YDR250C,TFIIF
chrIV_964707_965003,YDR254W,TFIIF
chrIV_969637_969924,YDR256C,TFIIF
chrIV_974142_974898,YDR258C,TFIIF
chrIV_1054824_1055265,YDR296W,TFIIF
chrIV_1058814_1059681,YDR299W,TFIIF
chrIV_1090078_1090444,YDR313C,TFIIF
chrIV_1140667_1141071,YDR335W,TFIIF
chrIV_1155526_1157097,YDR342C,TFIIF
chrIV_1212200_1212587,YDR366C,TFIIF
chrIV_1229556_1230202,YDR378C,TFIIF
chrIV_1287951_1288229,YDR407C,TFIIF
chrIV_1305841_1306161,YDR420W,TFIIF
chrIV_1339413_1339598,YDR439W,TFIIF
chrIV_1434298_1434477,YDR490C,TFIIF
chrIV_1459261_1459790,YDR505C,TFIIF
chrIV_1483469_1483620,YDR520C,TFIIF
chrIV_1525540_1526098,YDR544C,TFIIF
chrIX_85116_85376,YIL140W,TFIIF
chrIX_92772_93746,YIL136W,TFIIF
chrIX_121942_122758,YIL125W,TFIIF
chrIX_130242_130444,YIL122W,TFIIF
chrIX_165777_166473,YIL106W,TFIIF
chrIX_310371_311141,YIL023C,TFIIF
chrIX_325816_326043,YIL014W,TFIIF
chrIX_414711_415057,YIR031C,TFIIF
chrV_75260_75823,YEL041W,TFIIF
chrV_117449_117905,YEL020C-B,TFIIF
chrV_121360_121531,YEL018W,TFIIF
chrV_128415_128717,YEL014C,TFIIF
chrV_131222_131771,YEL012W,TFIIF
chrV_141340_141817,YEL007W,TFIIF
chrV_144145_144346,YEL006W,TFIIF
chrV_159068_159263,YER003C,TFIIF
chrV_166888_167056,YER007C-A,TFIIF
chrV_191783_192017,YER017C,TFIIF
chrV_201963_202263,YER024W,TFIIF
chrV_225697_225865,YER037W,TFIIF
chrV_321909_322450,YER081W,TFIIF
chrV_331995_332352,YER087C-A,TFIIF
chrV_342185_342493,YER091C,TFIIF
chrV_364064_364592,YER103W,TFIIF
chrV_464894_465187,YER147C,TFIIF
chrV_512355_512568,YER166W,TFIIF
chrV_562698_563122,YER186C,TFIIF
chrVI_16406_16867,YFL055W,TFIIF
chrVI_40126_40484,YFL047W,TFIIF
chrVI_106083_106532,YFL016C,TFIIF
chrVI_156129_156369,YFR006W,TFIIF
chrVI_167172_167454,YFR011C,TFIIF
chrVI_213089_213306,YFR030W,TFIIF
chrVI_233585_234114,YFR039C,TFIIF
chrVI_248065_248488,YFR049W,TFIIF
chrVI_254939_255449,YFR053C,TFIIF
chrVII_53545_53732,YGL237C,TFIIF
chrVII_76681_76923,YGL225W,TFIIF
chrVII_78918_79224,YGL224C,TFIIF
chrVII_107498_108189,YGL205W,TFIIF
chrVII_167421_167896,YGL177W,TFIIF
chrVII_190229_190483,YGL167C,TFIIF
chrVII_225618_225937,YGL150C,TFIIF
chrVII_245073_245479,YGL140C,TFIIF
chrVII_257252_257558,YGL133W,TFIIF
chrVII_269103_269373,YGL129C,TFIIF
chrVII_272189_272478,YGL125W,TFIIF
chrVII_276680_276863,YGL124C,TFIIF
chrVII_280351_280960,YGL122C,TFIIF
chrVII_293105_293289,YGL114W,TFIIF
chrVII_330585_330785,YGL095C,TFIIF
chrVII_337622_337895,YGL092W,TFIIF
chrVII_384884_385289,YGL062W,TFIIF
chrVII_472337_472848,YGL012W,TFIIF
chrVII_482687_483302,YGL007C-A,TFIIF
chrVII_485412_485687,YGL006W-A,TFIIF
chrVII_511309_511535,YGR010W,TFIIF
chrVII_516189_516918,YGR014W,TFIIF
chrVII_528897_529219,YGR023W,TFIIF
chrVII_535705_537173,YGR027W-B,TFIIF
chrVII_547698_548125,YGR032W,TFIIF
chrVII_574979_575279,YGR039W,TFIIF
chrVII_615976_616419,YGR061C,TFIIF
chrVII_635577_635770,YGR074W,TFIIF
chrVII_656350_656823,YGR089W,TFIIF
chrVII_730793_730976,YGR120C,TFIIF
chrVII_757398_757691,YGR134W,TFIIF
chrVII_771611_772560,YGR142W,TFIIF
chrVII_784865_785566,YGR146C-A,TFIIF
chrVII_795716_795956,YGR153W,TFIIF
chrVII_801731_802324,YGR157W,TFIIF
chrVII_828941_829161,YGR165W,TFIIF
chrVII_897358_897520,YGR199W,TFIIF
chrVII_931813_932354,YGR218W,TFIIF
chrVII_939041_940025,snR7-L,TFIIF
chrVII_958864_960009,YGR234W,TFIIF
chrVII_973743_974304,YGR240C,TFIIF
chrVII_979218_979964,YGR244C,TFIIF
chrVII_993584_994438,YGR250C,TFIIF
chrVII_1058615_1059162,YGR282C,TFIIF
chrVII_1076016_1076553,YGR291C,TFIIF
chrVIII_431_656,YHL050W-A,TFIIF
chrVIII_21003_21517,YHL040C,TFIIF
chrVIII_26068_26263,YHL037C,TFIIF
chrVIII_108335_108758,YHR002W,TFIIF
chrVIII_113144_113478,YHR004C,TFIIF
chrVIII_121627_122266,YHR007C,TFIIF
chrVIII_195118_195399,YHR045W,TFIIF
chrVIII_207151_207601,YHR049C-A,TFIIF
chrVIII_213173_214503,YHR054C,TFIIF
chrVIII_214648_216170,YHR055C,TFIIF
chrVIII_238816_239084,YHR072W,TFIIF
chrVIII_277800_278044,YHR086W,TFIIF
chrVIII_332119_332358,YHR110W,TFIIF
chrVIII_335661_336438,YHR113W,TFIIF
chrVIII_354569_354715,YHR123W,TFIIF
chrVIII_390179_390359,YHR146W,TFIIF
chrVIII_450561_451472,YHR173C,TFIIF
chrVIII_464730_465006,YHR180W,TFIIF
chrVIII_557031_557594,YHR217C,TFIIF
chrX_79537_80201,YJL186W,TFIIF
chrX_88512_88801,YJL180C,TFIIF
chrX_100837_101128,YJL171C,TFIIF
chrX_111254_111638,YJL164C,TFIIF
chrX_130682_131150,YJL155C,TFIIF
chrX_146179_146367,YJL144W,TFIIF
chrX_150385_150972,YJL140W,TFIIF
chrX_180224_180863,YJL127W-A,TFIIF
chrX_181124_181976,YJL127C-B,TFIIF
chrX_187740_187964,YJL124C,TFIIF
chrX_239176_239462,YJL099W,TFIIF
chrX_278048_278196,YJL084C,TFIIF
chrX_405070_405495,YJL016W,TFIIF
chrX_477844_479369,YJR029W,TFIIF
chrX_529561_529921,YJR051W,TFIIF
chrX_535580_535997,YJR054W,TFIIF
chrX_548291_548788,YJR060W,TFIIF
chrX_608796_609789,YJR095W,TFIIF
chrX_611986_612227,YJR097W,TFIIF
chrX_647010_647633,YJR120W,TFIIF
chrX_705012_705845,YJR148W,TFIIF
chrXI_20820_24275,YKL217W,TFIIF
chrXI_24912_25192,YKL216W,TFIIF
chrXI_88540_88701,YKL188C,TFIIF
chrXI_91450_92997,YKL187C,TFIIF
chrXI_93132_94243,YKL186C,TFIIF
chrXI_96161_96734,YKL184W,TFIIF
chrXI_100016_100562,YKL182W,TFIIF
chrXI_165910_166638,YKL150W,TFIIF
chrXI_171043_171846,YKL148C,TFIIF
chrXI_180445_180593,YKL140W,TFIIF
chrXI_205309_205629,YKL126W,TFIIF
chrXI_219254_219404,YKL119C,TFIIF
chrXI_229846_231389,YKL110C,TFIIF
chrXI_231610_232180,YKL109W,TFIIF
chrXI_245329_246381,YKL104C,TFIIF
chrXI_248466_248788,YKL102C,TFIIF
chrXI_356275_356591,YKL044W,TFIIF
chrXI_365207_365460,YKL038W,TFIIF
chrXI_429122_429383,YKL007W,TFIIF
chrXI_439400_439555,YKL001C,TFIIF
chrXI_463592_463955,YKR013W,TFIIF
chrXI_583287_583645,YKR077W,TFIIF
chrXI_626268_626747,YKR096W,TFIIF
chrXI_630349_631053,YKR097W,TFIIF
chrXII_65116_65913,YLL039C,TFIIF
chrXII_86845_87398,YLL027W,TFIIF
chrXII_88090_88751,YLL026W,TFIIF
chrXII_97322_97933,YLL024C,TFIIF
chrXII_179875_180118,YLR019W,TFIIF
chrXII_201319_201979,YLR028C,TFIIF
chrXII_231922_232266,YLR043C,TFIIF
chrXII_248480_248896,YLR053C,TFIIF
chrXII_368487_368845,YLR109W,TFIIF
chrXII_391672_391877,YLR124W,TFIIF
chrXII_418051_418406,YLR138W,TFIIF
chrXII_451416_468954,RDN5-1,TFIIF
chrXII_489771_490439,YLR162W-A,TFIIF
chrXII_534404_534948,YLR189C,TFIIF
chrXII_543636_543967,YLR196W,TFIIF
chrXII_573112_573573,YLR216C,TFIIF
chrXII_593154_594519,YLR227W-B,TFIIF
chrXII_650843_652116,YLR256W-A,TFIIF
chrXII_790152_790461,YLR332W,TFIIF
chrXII_805136_805412,YLR337C,TFIIF
chrXII_809573_809909,YLR342W,TFIIF
chrXII_826447_826999,YLR347C,TFIIF
chrXII_830644_831046,YLR352W,TFIIF
chrXII_859281_859535,YLR369W,TFIIF
chrXII_932610_932777,YLR407W,TFIIF
chrXII_954178_954420,YLR414C,TFIIF
chrXII_982534_982694,YLR425W,TFIIF
chrXII_990572_990930,YLR429W,TFIIF
chrXII_993011_993260,YLR430W,TFIIF
chrXII_1011249_1011656,YLR436C,TFIIF
chrXII_1053100_1053486,YLR455W,TFIIF
chrXII_1065474_1065732,YLR462W,TFIIF
chrXII_1071222_1071620,YLR466C-B,TFIIF
chrXII_1072021_1072265,YLR467W,TFIIF
chrXIII_13105_13613,YML130C,TFIIF
chrXIII_21651_21858,YML125C,TFIIF
chrXIII_29694_30640,YML120C,TFIIF
chrXIII_86621_86956,YML092C,TFIIF
chrXIII_92078_92225,YML088W,TFIIF
chrXIII_99366_99721,YML084W,TFIIF
chrXIII_169752_169944,YML053C,TFIIF
chrXIII_196244_197772,YML039W,TFIIF
chrXIII_204118_204493,YML038C,TFIIF
chrXIII_241600_242189,YML016C,TFIIF
chrXIII_243000_243206,YML015C,TFIIF
chrXIII_284624_284984,YMR010W,TFIIF
chrXIII_287837_288167,YMR011W,TFIIF
chrXIII_431089_431658,YMR081C,TFIIF
chrXIII_448158_448548,YMR089C,TFIIF
chrXIII_465788_466078,YMR100W,TFIIF
chrXIII_472432_472995,YMR102C,TFIIF
chrXIII_527555_527799,YMR129W,TFIIF
chrXIII_556288_557678,YMR145C,TFIIF
chrXIII_625283_625694,YMR182W-A,TFIIF
chrXIII_628661_629014,YMR185W,TFIIF
chrXIII_631854_632567,YMR186W,TFIIF
chrXIII_814056_814312,YMR273C,TFIIF
chrXIII_838015_838177,YMR284W,TFIIF
chrXIII_841612_841960,YMR285C,TFIIF
chrXIII_852398_852641,YMR291W,TFIIF
chrXIII_867110_867427,YMR300C,TFIIF
chrXIII_874165_875071,YMR303C,TFIIF
chrXIII_880285_880545,YMR305C,TFIIF
chrXIII_886276_886548,YMR306C-A,TFIIF
chrXIV_95_489,YNL339W-B,TFIIF
chrXIV_6843_6999,YNL337W,TFIIF
chrXIV_68387_68834,YNL298W,TFIIF
chrXIV_108125_108575,YNL281W,TFIIF
chrXIV_116864_117312,YNL277W,TFIIF
chrXIV_199992_200624,YNL239W,TFIIF
chrXIV_201998_202257,YNL238W,TFIIF
chrXIV_211649_211829,YNL233W,TFIIF
chrXIV_266539_266744,YNL199C,TFIIF
chrXIV_300654_301365,YNL179C,TFIIF
chrXIV_345304_345836,YNL154C,TFIIF
chrXIV_405432_406408,YNL118C,TFIIF
chrXIV_417345_417888,YNL111C,TFIIF
chrXIV_424525_424727,YNL106C,TFIIF
chrXIV_434514_434871,YNL101W,TFIIF
chrXIV_466615_466973,YNL085W,TFIIF
chrXIV_480848_481343,YNL077W,TFIIF
chrXIV_483188_483413,YNL076W,TFIIF
chrXIV_493150_493408,YNL070W,TFIIF
chrXIV_507065_507903,YNL063W,TFIIF
chrXIV_529419_529927,YNL053W,TFIIF
chrXIV_545137_545292,YNL044W,TFIIF
chrXIV_558928_559905,YNL036W,TFIIF
chrXIV_575901_576963,YNL030W,TFIIF
chrXIV_720631_720900,YNR052C,TFIIF
chrXV_48585_48946,YOL146W,TFIIF
chrXV_87212_87653,YOL123W,TFIIF
chrXV_99486_99718,YOL116W,TFIIF
chrXV_128866_129097,YOL100W,TFIIF
chrXV_312358_312604,YOL007C,TFIIF
chrXV_324450_324949,YOL002C,TFIIF
chrXV_326447_326877,YOR001W,TFIIF
chrXV_339888_340288,YOR007C,TFIIF
chrXV_342415_343028,YOR008C,TFIIF
chrXV_357131_357703,YOR014W,TFIIF
chrXV_370736_371183,YOR020C,TFIIF
chrXV_380568_381206,YOR027W,TFIIF
chrXV_409886_410636,snR62,TFIIF
chrXV_412495_412857,YOR044W,TFIIF
chrXV_427100_427908,YOR052C,TFIIF
chrXV_429890_430117,YOR054C,TFIIF
chrXV_531176_531457,YOR112W,TFIIF
chrXV_550296_550722,YOR119C,TFIIF
chrXV_558631_558892,YOR124C,TFIIF
chrXV_579525_580411,YOR136W,TFIIF
chrXV_616700_617259,YOR151C,TFIIF
chrXV_670310_670909,YOR178C,TFIIF
chrXV_671685_672290,YOR179C,TFIIF
chrXV_680933_681106,snR36,TFIIF
chrXV_704221_704368,YOR192C-C,TFIIF
chrXV_787020_787217,YOR241W,TFIIF
chrXV_824838_825582,YOR267C,TFIIF
chrXV_836890_837697,YOR274W,TFIIF
chrXV_844719_844907,YOR279C,TFIIF
chrXV_877522_878441,YOR298C-A,TFIIF
chrXV_891431_891733,YOR306C,TFIIF
chrXV_907559_907821,YOR316C,TFIIF
chrXV_925012_925649,YOR324C,TFIIF
chrXV_939375_939574,YOR329C,TFIIF
chrXV_968436_969148,YOR343C,TFIIF
chrXV_989451_990566,YOR349W,TFIIF
chrXV_1018663_1018959,YOR362C,TFIIF
chrXV_1044422_1045283,YOR376W-A,TFIIF
chrXVI_65_487,YPL283W-B,TFIIF
chrXVI_46434_47434,YPL262W,TFIIF
chrXVI_49050_49294,YPL260W,TFIIF
chrXVI_88281_88560,YPL243W,TFIIF
chrXVI_95084_95739,YPL242C,TFIIF
chrXVI_98451_99207,YPL240C,TFIIF
chrXVI_102674_102856,YPL236C,TFIIF
chrXVI_106763_107174,YPL232W,TFIIF
chrXVI_159475_159895,YPL207W,TFIIF
chrXVI_175993_176289,YPL195W,TFIIF
chrXVI_207684_208124,YPL179W,TFIIF
chrXVI_242668_243307,YPL163C,TFIIF
chrXVI_251713_252064,YPL159C,TFIIF
chrXVI_261027_261425,YPL154C,TFIIF
chrXVI_296620_297681,YPL135W,TFIIF
chrXVI_299427_300080,YPL134C,TFIIF
chrXVI_352151_352723,YPL106C,TFIIF
chrXVI_381066_381972,YPL089C,TFIIF
chrXVI_383122_383392,YPL087W,TFIIF
chrXVI_450421_450977,YPL058C,TFIIF
chrXVI_453798_454276,YPL056C,TFIIF
chrXVI_454948_455134,YPL055C,TFIIF
chrXVI_491328_491951,YPL032C,TFIIF
chrXVI_516994_517697,YPL018W,TFIIF
chrXVI_520513_520897,YPL016W,TFIIF
chrXVI_555943_556469,YPR001W,TFIIF
chrXVI_566695_567371,YPR005C,TFIIF
chrXVI_572529_572886,YPR008W,TFIIF
chrXVI_599430_599943,YPR020W,TFIIF
chrXVI_696820_697759,YPR077C,TFIIF
chrXVI_729481_729866,YPR100W,TFIIF
chrXVI_801978_802317,YPR137W,TFIIF
chrXVI_809208_810642,YPR137C-B,TFIIF
chrXVI_843015_843377,YPR158W,TFIIF
chrXVI_857173_857490,YPR159W,TFIIF
chrXVI_860833_861264,YPR160W,TFIIF
chrXVI_874759_875317,YPR165W,TFIIF
chrXVI_901460_902057,YPR184W,TFIIF
chrXVI_938939_939229,YPR199C,TFIIF
