gene,synthesis_perCell_perMin
YDL243C,0.121615941
YDR387C,0.080145472
YDR438W,0.030310995
YDL189W,0.067824536
YDR175C,0.233239001
YDR362C,0.089527813
YDR158W,0.582685221
YDL206W,0.047488279
YDR125C,0.035778577
YDR338C,0.13931491
YDR272W,0.171262875
YDR512C,0.040209994
YDL015C,0.317048804
YDR304C,0.176997586
YDR367W,0.237129857
YDR469W,0.069674374
YDR105C,0.097187077
YDR505C,0.404647806
YDL045C,0.114533765
YDR361C,0.194318429
YDR002W,0.401378687
YDR358W,0.142208544
YDR460W,0.095691017
snR84,0.285547892
YDR034W-B,0.01485623
YDR061W,0.168599357
YDR060W,0.866206324
YDR119W,0.349362355
YDR097C,0.185657739
YDR319C,0.069530795
YDR471W,1.130957286
YDR275W,0.068613084
YDR129C,0.542454168
YDL066W,0.34898914
YDR302W,0.105089932
YDR539W,0.160345406
YDL125C,0.9902914
YDR101C,0.812045102
YDR212W,0.554153463
YDR458C,0.394078316
YDR168W,0.224535079
YDR265W,0.089150231
YDL076C,0.11472245
YDL006W,0.087260467
YDR238C,0.779423873
YDR381C-A,0.119522792
YDL083C,2.455296511
YDR057W,0.067941143
YDR487C,0.292769161
YDR066C,0.030163823
YDR079C-A,0.060613146
YDR204W,0.085878898
YDR109C,0.068354537
YDR427W,0.611215472
YDL044C,0.120716841
YDL079C,0.219185062
YDR305C,0.096695214
YDR377W,0.915674877
YDR416W,0.119204434
YDR365C,0.329845164
YDR287W,0.056297011
YDR448W,0.096626383
YDR180W,0.167843404
YDR294C,0.380632718
YDR198C,0.089978027
YDL119C,0.04394512
YDR501W,0.020506984
YDR264C,0.374256183
YDR343C,4.355239036
YDR373W,0.133148907
YDR354W,0.609972309
YDR316W,0.131608852
YDL142C,0.076972536
YDL112W,0.331701296
YDR545W,0.363453774
YDR284C,0.256972404
YDR050C,2.196035033
YDL065C,0.116151468
YDL234C,0.295965811
YDR118W,0.049619849
YDR111C,0.127771772
YDR128W,0.139785883
YDR065W,0.073675706
YDL004W,0.705376187
YDR024W,0.002088798
YDL171C,0.5485071
YDR083W,0.370735077
YDR457W,0.611334457
YDR206W,0.230437268
YDR115W,0.218749679
YDL070W,0.253513179
YDL135C,0.153989603
YDL033C,0.166470429
YDL031W,0.359690688
YDR398W,0.405032571
YDR326C,0.203532099
YDR536W,0.427660565
YDL116W,0.290215239
YDR028C,1.095387481
YDL007W,0.369226181
YDR236C,0.086048942
YDR155C,0.977313732
YDR026C,0.148837954
YDL073W,0.101878605
YDL115C,0.080571628
YDL145C,0.818316994
YDL104C,0.084082133
YDL149W,0.054222486
YDR231C,0.266182313
YDR045C,0.174513243
YDR415C,0.082792267
YDL019C,0.269239526
YDR240C,0.058036575
YDR179C,0.037720757
YDL165W,0.131298874
YDR120C,0.327913694
YDR003W,0.170179513
YDR499W,0.069239401
YDR166C,0.238572863
YDL241W,0.007853398
YDR291W,0.137494242
YDR475C,0.213604446
YDR244W,0.175934585
YDL188C,0.281392812
YDR059C,0.04701811
YDL157C,0.094372
YDL058W,0.246346586
YDR147W,0.040300396
YDL191W,1.003275089
YDL128W,0.224428301
YDL160C-A,0.020609272
YDR127W,1.140346262
YDR497C,0.895279364
YDR201W,0.053233739
YDR363W-A,0.344852114
YDR385W,5.016230123
YDR196C,0.065811031
YDR001C,0.231622692
YDL230W,0.049038465
YDR160W,0.120074977
YDR040C,0.72659899
YDR046C,0.383843618
YDL057W,0.044902015
YDL248W,0.10320597
YDR485C,0.188020579
YDR408C,0.158536232
YDR038C,0.9060215
YDL204W,0.210122937
YDR019C,0.186777755
YDR514C,0.129683586
YDR296W,0.205384303
YDL216C,0.042197624
YDL100C,0.270288162
YDR324C,0.587847873
YDR386W,0.034728683
YDR504C,0.052929538
YDR258C,1.445806148
YDR176W,0.188705271
YDL110C,0.238737951
YDR148C,0.935748327
YDL107W,0.069802996
YDR515W,0.13354355
YDR378C,0.163387387
YDR473C,0.082398945
YDR268W,0.06430389
YDL113C,0.105385794
YDL021W,0.025276335
YDR023W,0.813765728
YDR394W,0.757234668
YDR320C-A,0.40813979
YDR245W,0.366674647
YDL154W,0.053908342
YDR434W,0.188907384
YDL002C,0.191176191
YDR447C,1.291957162
YDL225W,0.206987628
YDR357C,0.108350145
YDR370C,0.068701178
YDR298C,1.25532718
YDR406W,0.095352687
YDR383C,0.028129829
YDR375C,0.161386926
YDL056W,0.27177404
YDR221W,0.135829036
YDL036C,0.185429385
snR63,0.373054688
YDR334W,0.490875343
YDL164C,0.187146986
YDR093W,0.573379772
YDR071C,0.665597464
YDL143W,0.899864361
YDR032C,0.238891958
YDL166C,0.121693771
YDR004W,0.102424075
YDR172W,2.076757539
YDL174C,1.638977161
YDR080W,0.10961112
YDR503C,0.053339643
YDR047W,0.185813966
YDR267C,0.122148886
YDR142C,0.093215975
YDL212W,0.336289339
YDR311W,0.138768254
YDR295C,0.092193427
YDR135C,0.881132896
YDL197C,0.105502624
YDR229W,0.10277309
YDR027C,0.225352737
YDR256C,0.252866858
YDR518W,0.019402064
YDR177W,0.234061968
YDR289C,0.102037966
YDR532C,0.062746145
YDR137W,0.153222942
YDL153C,0.282046351
YDR393W,0.183845592
YDR506C,0.032328662
YDL219W,0.052987398
YDL090C,0.060844464
YDR035W,0.269656642
YDL055C,2.756406695
YDL103C,0.236102603
YDL085C-A,0.144450057
YDR350C,0.161835927
YDR342C,5.828392409
YDR087C,0.236383023
YDL236W,0.279173614
YDL121C,0.226786387
YDL190C,0.327900547
YDR058C,0.04881221
YDL020C,1.160297834
YDL207W,0.183399202
YDR270W,0.358230162
YDR152W,0.415799013
YDL148C,0.35601333
YDR379C-A,0.080003725
YDL018C,0.084922987
YDR507C,0.436530152
YDL003W,0.26537492
YDR371W,0.062349076
YDL180W,0.208070728
YDR335W,0.484132176
YDR351W,0.883563318
YDL150W,0.321389876
YDR364C,0.118199185
YDL239C,0.035844475
YDL016C,0.024424782
YDL085W,0.026290873
YDR300C,0.266067731
YDL168W,0.545704841
YDR321W,0.226137268
YDR237W,0.250741313
YDR107C,0.049209289
YDL030W,0.08754695
YDR468C,0.117908577
YDL084W,0.711726068
YDL203C,0.198864009
YDR285W,0.035653717
YDL229W,3.248688892
YDR329C,0.169049771
YDR034C,0.243349003
YDR488C,0.045159019
YDR336W,0.063583524
YDL101C,0.246801849
YDR162C,0.098833612
YDR312W,0.171791639
YDL231C,0.22220363
YDR190C,0.506261144
YDL035C,0.276856621
YDR257C,0.26501816
YDR450W,0.954399492
YDR376W,0.145089051
YDR161W,0.169568799
YDL237W,0.122399008
YDR188W,1.045890348
YDR531W,0.26799304
YDR226W,0.738325314
YDL205C,0.492994912
YDR496C,0.694691622
YDL108W,0.071903457
YDL147W,0.658183237
YDR283C,0.262961836
YDR261C,0.135131894
YDL074C,0.421246626
YDR346C,0.427741509
YDR242W,0.063354062
YDR323C,0.028340038
YDR486C,0.14543597
YDL122W,0.40890477
YDR481C,0.327183994
YDR279W,0.142406578
YDR281C,0.221848624
YDR179W-A,0.046751623
YDL178W,0.27625441
YDL192W,0.6596763
YDL202W,0.236381787
YDR241W,0.047603016
YDL158C,0.012053225
YDL185W,0.983892223
YDR368W,0.146353177
YDR494W,0.244681141
YDR399W,0.791619518
YDR031W,0.108237346
YDL060W,0.475791783
YDR315C,0.026668337
YDL126C,0.747953688
YDL144C,0.092209388
YDR306C,0.114298439
YDR292C,0.328675647
YDR282C,0.061461967
YDR170C,0.543046172
YDR301W,0.29272039
YDR227W,0.244724548
YDR041W,0.260951901
YDL008W,0.071440205
YDR234W,0.467883439
YDR519W,0.160103797
YDR465C,0.226328813
YDR454C,0.180435049
YDL095W,0.903631271
YDR479C,0.055884475
YDL117W,0.225219612
YDR140W,0.075370574
YDR381W,2.26934727
YDR062W,0.399166463
YDL053C,0.404209817
YDR223W,0.00923626
YDL167C,0.41719662
YDR517W,0.232405913
YDL226C,0.162083709
YDL134C,0.311678343
YDR314C,0.09601445
YDR440W,0.143331516
YDR303C,0.202085122
YDL078C,0.320836172
YDL238C,0.035911293
YDR529C,2.311705972
YDR452W,0.237535726
YDR347W,0.24833534
YDR490C,0.093200551
YDR516C,0.17507033
YDL137W,0.348905169
YDR235W,0.098744066
YDL194W,0.165387069
YDR021W,0.097280277
YDR051C,0.125086314
YDR288W,0.073058917
YDR141C,0.560720396
YDR194C,0.700391265
YDR424C,0.073878141
YDR056C,0.167714969
YDR328C,0.340392208
YDR280W,0.26518319
YDR098C,0.144060516
YDR005C,0.168096737
YDR017C,0.365969654
YDR419W,0.075654707
YDR444W,0.171387646
YDR341C,0.533024724
YDR395W,0.637107468
YDL222C,0.00882541
YDR372C,0.293750401
YDR325W,0.18328262
YDR082W,0.058078636
YDR182W,0.273078511
YDL102W,0.152675313
YDL067C,1.837683134
YDR030C,0.036243218
YDR333C,0.182676811
YDL093W,0.096229673
YDR139C,0.173754108
YDR322C-A,1.093016794
YDL017W,0.052096413
YDL069C,0.074353564
YDL132W,0.304847515
YDR211W,0.450208901
YDR110W,0.17208382
YDR167W,0.128599947
YDR075W,0.101450594
YDR039C,0.282670862
YDL129W,0.112910879
YDL215C,1.160826609
YDR131C,0.058819743
YDR007W,0.038115652
YDR263C,0.039743816
YDR429C,0.647322641
YDR421W,0.126915616
YDL029W,0.394383035
YDR369C,0.077875255
YDR088C,0.098065412
YDR411C,0.082305723
YDL059C,0.021946916
YDR016C,0.105840958
YDR430C,0.228625015
YDR374W-A,0.060967565
YDR459C,0.06007636
YDR217C,0.121516226
YDL027C,0.074133253
YDR104C,0.108771624
YDL136W,0.892355181
YDR248C,0.071402634
YDR068W,0.077586244
YDL080C,0.079443889
YDR461C-A,0.135304443
YDR181C,0.098535094
YDL200C,0.062181212
YDR108W,0.119316798
YDR337W,0.368372452
YDR356W,0.202722578
YDL235C,0.367466587
YDR210W-B,0.052980695
YDR210C-D,0.069337499
YDR316W-B,0.1480028
YDR365W-B,0.084058123
YDR098C-B,0.096451957
YDR034C-D,0.165512425
YOR185C,0.036860079
YOL048C,0.080808946
YOL144W,0.139637449
snR8,0.207306023
YOR385W,0.19557024
YOL119C,0.201846099
YOR019W,0.019499576
YOR206W,1.144245261
YOR341W,1.587172911
YOL088C,0.131724272
YOR084W,0.297250231
YOR039W,0.371929632
YOR281C,0.155320368
YOR230W,0.265430621
YOL081W,0.950422411
YOR285W,0.401236666
YOR270C,0.974720687
YOL154W,0.007186737
YOR115C,0.159033195
YOL003C,0.05442216
YOR258W,0.030094757
YOL103W,0.302394786
YOR215C,0.173990566
YOL063C,0.158260037
YOR389W,0.012336794
YOR021C,0.214114634
YOL038W,0.406725817
YOL124C,0.174970513
YOR212W,0.015934155
YOL120C,1.604853564
YOR181W,0.020699921
YOR335C,1.068004682
YOL122C,0.146570032
YOR157C,0.28246436
YOR274W,0.092167468
YOR093C,0.16995423
YOL065C,0.079581822
YOR207C,0.521366274
YOL020W,0.537625877
YOL053W,0.122836662
YOR038C,0.151956847
YOR137C,0.074856946
YOL034W,0.139841128
YOR052C,1.389246224
YOR190W,0.009085619
YOL090W,0.226561812
YOR173W,0.042017813
YOR059C,0.106604695
YOL149W,0.111664245
YOR121C,0.007559233
snR9,0.359867232
YOR099W,0.210439179
YOR204W,1.773394082
YOR209C,0.572488305
YOR036W,0.134394334
YOR154W,0.116072974
YOR048C,0.380640044
YOL073C,0.082930991
YOL152W,0.028015807
YOR227W,0.052307173
YOR159C,0.223863308
YOR112W,0.204825815
YOR229W,0.076422885
YOR251C,0.080828537
YOR130C,0.060580823
YOR119C,0.354558907
YOR008C,0.703188369
YOR266W,0.085365462
YOR308C,0.168935392
YOL151W,1.161665917
YOR330C,0.374906046
YOR142W,1.451710311
snR81,0.064846946
YOR017W,0.188700866
YOR002W,0.225573125
YOR194C,0.220562257
YOL069W,0.053496238
YOR346W,0.093441426
YOR174W,0.127490265
YOR336W,0.202166975
YOR122C,0.462958615
YOR256C,0.206344835
YOR350C,0.106182442
YOR196C,0.252308651
YOR369C,2.358015247
YOR296W,0.130299957
YOR260W,0.208938386
YOL042W,0.155043325
YOR316C,0.335110458
YOR326W,0.696365864
YOR332W,0.152892466
YOL002C,0.094801582
YOR243C,0.381741036
YOR126C,0.055734986
YOR328W,0.061195406
YOL056W,0.052216535
YOL110W,0.052609333
YOR213C,0.11539767
YOR253W,0.09736968
YOL113W,0.097048546
YOR060C,0.048716787
YOL076W,0.24773177
YOR381W,0.050003709
YOR273C,0.466912635
YOR069W,0.226463925
YOR075W,0.074150402
YOR124C,0.280332116
snR31,0.413213913
YOR057W,0.129913596
YOR239W,0.269463807
YOR317W,0.694211769
YOR370C,1.883407202
YOR211C,0.417963501
YOR191W,0.423653507
YOL064C,0.190565577
YOL049W,0.260982728
YOL043C,0.059307342
YOR104W,0.044568687
YOR386W,0.074207778
snR17a,2.927853046
YOL155C,0.034136211
YOR375C,2.674985583
snR35,0.160304827
YOR100C,0.079691547
YOR026W,0.086870794
YOR272W,0.483445841
snR36,0.044351914
YOR035C,0.503396493
YOL016C,0.197373727
YOR007C,1.222358441
YOR361C,1.384920524
YOL158C,0.05778207
YOR384W,0.057976858
YOR234C,1.403310587
YOR283W,0.134077726
YOL045W,0.05092966
YOR360C,0.193469715
YOL097C,0.454091662
YOR164C,0.079722498
YOR175C,0.180852738
YOR086C,0.421456862
YOR155C,0.12733311
YOR323C,0.308942673
YOL017W,0.079776032
YOR233W,0.120198377
YOL010W,0.330090343
YOR118W,0.11360583
YOL125W,0.176663999
YOL004W,0.408745931
YOR166C,0.09644995
YOR006C,0.191915122
YOR324C,0.243126196
YOR033C,0.094779564
YOL033W,0.111898092
YOL070C,0.174722923
YOR116C,1.72639314
YOR192C,0.017584129
YOL109W,10.00574072
YOR131C,0.141801783
YOR368W,0.065793637
YOR168W,0.724416218
YOR334W,0.053750477
YOR241W,0.233189054
YOR245C,0.085959457
YOR153W,2.371961649
YOL145C,0.419200128
YOL044W,0.072715209
YOR054C,0.068421052
YOL031C,0.14900766
YOR306C,0.177844418
YOR261C,0.481269072
YOR293W,1.249349251
YOR067C,0.116037923
YOR197W,0.137810484
YOR262W,0.092064666
YOR167C,2.921770824
YOR393W,0.00292602
YOL087C,0.237680768
YOR127W,0.279801511
YOR184W,0.175792263
YOR340C,0.547674476
YOR217W,0.285105023
YOL006C,0.177807023
YOR259C,0.509993912
YOR320C,0.128013384
YOR222W,0.115382018
YOL022C,0.195717102
YOR278W,0.105025387
YOL078W,0.158565506
YOR089C,0.208893717
YOL098C,0.518745808
YOR171C,0.400161163
YOR095C,0.500785949
YOL146W,0.037118896
YOR046C,0.346409591
YOR388C,0.033853373
YOR228C,0.093501694
YOL112W,0.078432674
YOL143C,0.127956109
YOR172W,0.136705067
YOR149C,0.151838903
YOL164W,0.030004214
YOR011W,0.034946908
YOR071C,0.050463645
YOR022C,0.158758734
YOR125C,0.076816718
YOL141W,0.107255627
YOR383C,0.092015497
YOR056C,0.285373829
YOL075C,0.150978596
YOR246C,0.18317176
YOR042W,0.231991729
YOR176W,0.227442711
YOR063W,3.80652756
YOL129W,0.130993228
YOR280C,0.096737937
YOR037W,0.098082824
YOR313C,0.03812646
YOR158W,0.202206773
YOL061W,0.663238003
YOR232W,0.314351412
YOR110W,0.121508786
YOR040W,0.056134662
YOL083W,0.033774669
YOL130W,0.541621823
YOL021C,0.497082063
YOL077W-A,0.703676961
YOR319W,0.094439923
YOR291W,0.264180779
YOR249C,0.067334939
YOR362C,0.589812058
YOL058W,0.026006017
YOR143C,0.108477054
YOL157C,0.027868413
YOL057W,0.203935775
YOR321W,0.104377974
YOR111W,0.067197453
YOR279C,0.054182121
YOL055C,0.074610165
snR5,0.128154994
YOL139C,0.78375336
YOR287C,0.144425926
YOR034C,0.090939707
YOR348C,1.553661559
YOL115W,0.09283474
YOR356W,0.362764714
YOR357C,0.095721256
YOR276W,0.728238008
snR50,0.040723437
YOR269W,0.078661932
YOR103C,0.125509768
YOR377W,0.04245157
YOR051C,0.156397932
YOR003W,0.026141192
YOR064C,0.165540567
YOR201C,0.276634827
YOL018C,0.06009111
YOR087W,0.119047679
YOL086C,5.515778926
YOL108C,0.107081326
YOR165W,0.148602683
YOL068C,0.281322421
YOR138C,0.266204561
YOR016C,0.190159329
YOR080W,0.060812504
YOR109W,0.277575921
YOR147W,0.409876
YOR254C,0.576043347
YOL080C,0.243581198
YOR192C-C,0.006487998
YOR195W,0.189942718
YOL123W,0.453773661
YOR097C,0.053608739
YOL086W-A,0.082408493
YOR289W,0.058227688
YOR304W,0.26949069
YOR117W,0.57111086
YOL066C,0.165064708
YOR396W,0.322571751
YOR151C,0.771798458
YOR187W,1.003226367
YOR005C,0.066619722
YOR244W,0.176640338
YOL102C,0.049696379
YOL116W,0.185814197
YOR353C,0.114574081
YOR096W,1.189028523
YOR148C,0.040604345
YOR257W,0.134419041
YOR223W,0.048603833
YOR061W,0.952257638
YOL140W,0.218035317
YOL062C,0.274407651
YGL156W,0.06858841
YGR162W,1.226253407
YGL160W,0.171831504
snR46,0.270801591
YGL211W,0.232107176
YGR141W,0.088134169
YGL097W,0.360156439
YGR186W,0.295343259
YGL021W,0.104678216
YGL110C,0.109596694
YGL017W,0.077518459
YGR197C,0.073537524
YGL107C,0.28926804
YGL168W,0.003353612
YGL050W,0.106174321
YGL145W,0.116870078
YGL098W,0.064124216
YGR172C,0.124625485
YGR194C,0.150681773
YGL026C,0.646268095
YGL213C,0.146280548
YGL248W,0.065742623
YGL075C,0.042939475
YGL256W,0.268056926
YGL012W,0.236937829
YGL082W,0.180422979
YGR274C,0.220470878
YGL037C,0.450692803
YGL252C,0.291213133
YGL250W,0.054821287
YGR260W,0.517119025
YGL121C,0.023767647
YGL040C,0.490699463
YGR021W,0.12558964
YGL166W,0.127214261
YGL104C,0.034723355
YGR250C,0.973296463
YGR029W,0.096165927
YGR008C,0.624060685
YGL094C,0.282586528
YGR163W,0.140398486
YGR125W,0.313996499
YGR279C,0.184863686
YGL022W,0.975855857
YGL176C,0.094362283
YGR031W,0.25802588
YGR182C,0.564909242
YGL196W,0.316713909
YGR230W,0.151783021
YGR152C,0.090303646
YGR157W,0.390732627
YGL146C,0.117357439
YGL153W,0.119743506
tT(UGU)G2,0.017620997
YGR187C,0.213407339
YGL167C,0.305288427
YGR050C,0.012945794
YGR217W,0.241219711
YGR296W,0.509606601
YGR177C,0.026343495
YGL068W,0.322036563
YGL100W,0.186940088
YGR288W,0.022143578
YGR266W,0.352198729
YGL070C,0.2594326
YGL225W,0.463006417
YGR252W,0.071012561
YGR284C,0.316413117
YGR032W,0.428930289
YGR174C,0.17290523
YGL016W,0.133342161
YGR255C,0.089454026
YGR200C,0.502107761
YGL227W,0.129586235
YGL243W,0.058885926
YGL194C-A,0.034265129
YGR148C,0.682634781
YGR276C,0.15041031
YGL129C,0.236373815
YGR053C,0.011384328
YGL224C,0.045216806
YGL020C,0.107989797
YGL003C,0.168202198
YGR210C,0.299126911
YGL115W,0.300648
YGR042W,0.061001681
YGR043C,0.018059041
YGR110W,0.09368636
YGR262C,0.115244979
YGL200C,0.253948044
YGL117W,0.07248518
YGL186C,0.136012242
YGR010W,0.103456045
YGR198W,0.460127999
YGL058W,0.376174199
YGL226W,0.168769972
YGL055W,2.755532778
YGL151W,0.226621845
YGR101W,0.211188923
YGL230C,0.0023832
YGR103W,0.667833428
YGR094W,1.079610581
YGR175C,0.788238186
YGL008C,9.772398747
YGR108W,0.159246281
YGR205W,0.096544766
YGL009C,4.162022182
YGL095C,0.113225812
YGL137W,0.762474692
YGR105W,0.20356777
YGL173C,1.71398624
YGL086W,0.134314686
YGR223C,0.084404492
YGL080W,0.514900283
YGL207W,0.653063156
YGR261C,0.295541998
YGL140C,0.378418206
YGL078C,0.465571746
YGR150C,0.192685682
YGR196C,0.048799803
YGR153W,0.015767605
YGL159W,0.074729605
YGR286C,0.117092264
YGL254W,0.084036221
YGL063W,0.046606439
YGR009C,0.128738394
YGR034W,1.332146269
YGR118W,1.501019866
YGR277C,0.049348111
YGR232W,0.088146602
YGL143C,0.154892368
YGR222W,0.096232393
YGL253W,2.822382266
YGR257C,0.241308705
YGL131C,0.268788541
YGR263C,0.045736271
YGL049C,0.264462581
YGL202W,0.460741116
YGL077C,0.369949966
YGR111W,0.098448808
YGR016W,0.020737783
YGR245C,0.500049371
YGR287C,0.009563011
YGL244W,0.266866248
YGL187C,1.439967749
YGR180C,0.378765511
YGR116W,0.540821675
YGR202C,0.236576749
YGR134W,0.223133258
YGR007W,0.160328454
YGL047W,0.067119754
YGR244C,1.085952232
YGR289C,0.061441423
YGL242C,0.076614802
YGR106C,0.338415833
YGR004W,0.054039118
YGR209C,0.488324987
YGR003W,0.116487099
YGR246C,0.12188002
YGL059W,0.073595402
YGL123W,1.915499898
YGL233W,0.20094199
YGL072C,0.058856805
YGR240C,4.259280261
YGR243W,0.549774342
YGR020C,0.225714314
YGR100W,0.237113917
YGR231C,0.27563203
YGL212W,0.047213311
YGL185C,0.064046742
YGR147C,0.306553145
YGR099W,0.084677093
YGR046W,0.229792624
YGR216C,0.104902688
YGR047C,0.143461175
YGR169C,0.056083249
YGR063C,0.185907666
YGR256W,0.006009596
YGL191W,1.075612706
YGR013W,0.149645974
YGR123C,0.289724662
YGL163C,0.084804187
YGL092W,0.811138247
YGR132C,0.371148169
YGL208W,0.150485153
YGL246C,0.109642866
YGL190C,0.399676754
YGR033C,0.214327243
YGL112C,0.180758845
YGL001C,0.174255872
YGR168C,0.038291305
YGL093W,0.12807973
YGR027C,1.311777863
YGR124W,1.078511701
YGL103W,1.222225206
YGL161C,0.169639459
YGR062C,0.098896395
YGR024C,0.146339552
YGR184C,0.597160917
YGR292W,0.021902408
YGL067W,0.142317332
YGL044C,0.074997719
YGL054C,0.465330811
YGL119W,0.110092584
YGR206W,0.057777762
YGL130W,0.155974599
YGR090W,0.609911405
YGR143W,0.162657811
YGL198W,0.201300431
YGL195W,0.650074573
YGL192W,0.066702096
YGL206C,0.651252757
YGL257C,0.119607949
YGL236C,0.19357023
YGL144C,0.041052604
YGL116W,0.103568232
YGL201C,0.261110655
YGR154C,0.020198604
YGL241W,0.146535666
YGR247W,0.085917448
YGR199W,0.172600292
YGR011W,0.052799187
YGL111W,0.321637971
YGL114W,0.43169688
YGL255W,0.055150585
YGR233C,0.829727354
YGR092W,0.208552017
YGL041W-A,0.14929723
YGR171C,0.285775078
YGL171W,0.24793087
YGL147C,0.756819098
YGR178C,0.512280167
YGL203C,0.322830463
YGL048C,0.587101257
YGR207C,0.283017813
YGR258C,0.098419554
YGL091C,0.191091866
YGR093W,0.160447133
YGR119C,0.381372172
YGR061C,0.765349459
YGR121C,0.172316271
YGL043W,0.287528894
YGL085W,0.078890005
YGR117C,0.0710942
YGR235C,0.247153209
YGL124C,0.059165708
YGL164C,0.088296786
YGR264C,1.94669762
YGL234W,0.39533615
YGL238W,0.694945374
YGR201C,0.039403897
YGL205W,0.274158453
YGL221C,0.195584972
YGL135W,1.378512058
YGR253C,0.48885728
YGL053W,0.101596624
YGL101W,0.278383084
YGR271C-A,0.168649711
YGR267C,0.273633269
YGR234W,5.453095164
YGL251C,0.070117272
YGL141W,0.137721347
YGL245W,0.371343618
YGL005C,0.094346088
YGR173W,0.194287115
YGR229C,0.570964426
YGR070W,0.06479538
YGR135W,0.295837242
YGL139W,0.303090489
YGL172W,0.232571992
YGR088W,0.019440181
YGL126W,0.176333155
YGR129W,0.110247855
YGL027C,0.1151096
YGL019W,0.224303254
YGR017W,0.207627107
YGL002W,0.126664215
YGR044C,0.02502181
YGL033W,0.002824928
YGR165W,0.27284982
YGL004C,0.074448906
YGL148W,0.494261192
YGR281W,0.279569646
YGL133W,0.243299024
YGR295C,0.119776935
YGR048W,0.162820469
YGR065C,0.237901586
YGL220W,0.145961094
YGL090W,0.168475045
YGL134W,0.269529608
YGL006W,0.432922216
YGR028W,0.248953184
snR82,0.141097248
YGL232W,0.10413057
YGR027W-B,0.13678456
YGR038C-B,0.106305704
YGR161C-D,0.080394681
YGR161W-B,0.158251989
YLL050C,0.325714665
YLR466W,0.300354789
YLR054C,0.003186226
YLL056C,0.016953114
YLR075W,4.38105919
YLR049C,0.067825022
YLR032W,0.104282833
YLR251W,0.034768333
YLR247C,0.27168682
YLR167W,2.301870077
YLR220W,0.314499304
YLR272C,0.17137599
YLR180W,0.50490528
YLR250W,0.431532433
YLR424W,0.039151471
YLR253W,0.183885634
YLR233C,0.040695587
YLR072W,0.067640137
YLR069C,0.437086213
YLR231C,0.037537988
YLR264W,0.868505461
YLR170C,0.098266978
YLR228C,0.078796223
YLL036C,0.243183305
YLR056W,0.837292609
YLR429W,0.521950805
YLL060C,0.370868206
YLR310C,0.694101788
YLR342W,2.380902612
YLR017W,0.276646742
YLR304C,3.271739548
YLR027C,0.761191716
YLR214W,0.08015508
YLL062C,0.04728381
YLR023C,1.046738704
YLL008W,0.535730413
YLR020C,0.135281341
YLR045C,0.415393903
YLR285W,0.118845035
YLL066C,0.748802897
YLR077W,0.196805205
YLR144C,0.192084509
YLR414C,0.24463764
YLR301W,0.187067261
YLR427W,0.144972291
YLR150W,0.979632164
YLR078C,0.138219564
YLR153C,1.250361029
YLR014C,0.127172803
YLR262C,0.067821846
YLR271W,0.036198973
YLR033W,0.178394073
YLL055W,0.039342956
YLR266C,0.098898236
YLR007W,0.060016446
YLL015W,0.21310803
YLR080W,0.010117613
YLR443W,0.097312953
YLR325C,1.728984702
YLL006W,0.175270058
YLR311C,0.006973795
YLR191W,0.094439463
YLR288C,0.04734929
YLL001W,0.621248629
YLR409C,0.67248378
YLR362W,0.102398063
YLR068W,0.204264343
YLL054C,0.091634046
YLR143W,0.160561979
YLR368W,0.101530855
YLR126C,0.046605564
YLR423C,0.028661187
YLR197W,1.782788576
YLL034C,0.34191953
YLR065C,0.116963877
YLL031C,0.263795596
YLR419W,0.337529876
YLR405W,0.133894682
YLR093C,0.190122569
YLR085C,0.102981129
YLR246W,0.083265297
YLR289W,0.077613176
YLR114C,0.248861003
YLR146C,0.084915309
YLR082C,0.067977586
YLL043W,2.018253089
YLR337C,0.010882882
YLR039C,0.184002055
YLR457C,0.036875599
YLR377C,0.627504309
YLR319C,0.097188231
YLL003W,0.080438686
YLR407W,0.143987433
YLR336C,0.268948437
YLR430W,0.398245352
YLR347C,0.789701387
YLR324W,0.125168624
YLR460C,0.634555645
YLR113W,0.312963372
YLR046C,0.034629208
YLR125W,0.035181132
YLR196W,0.505007975
YLL061W,0.285571645
YLR163C,0.355394789
YLL014W,0.163875497
YLR129W,0.781638816
YLR173W,0.071224942
YLR090W,0.130030656
YLR259C,4.144258546
YLR401C,0.558899449
YLL058W,0.112816672
YLR467W,0.348194283
YLR313C,0.065484706
YLR303W,0.192735218
YLR154W-B,0.001026579
YLL029W,0.741033072
YLR015W,0.085882358
YLR081W,21.72162002
YLR166C,0.153583227
YLR383W,0.102678835
YLR035C,0.047602158
YLR044C,2.087289217
YLR192C,0.963259666
YLR367W,0.674050012
YLR309C,0.134202703
YLR029C,2.274387488
YLR146W-A,0.084875739
YLR175W,1.119754033
YLL051C,0.195650549
YLR438C-A,0.372966527
YLR209C,0.058795232
YLR361C,0.081167661
YLR389C,0.309185492
YLR290C,0.045916102
YLR270W,0.105430912
YLR223C,0.326820833
YLR195C,0.211614917
YLL016W,0.103208296
YLR398C,0.34867651
YLR418C,0.240778897
YLR010C,0.028185489
YLR431C,0.083625151
YLR364W,0.041628592
YLR083C,0.376991949
YLR274W,0.195655073
YLR055C,0.162059287
YLL042C,0.008810499
YLR211C,0.029154019
YLR105C,0.04136073
YLR318W,0.029658253
YLR262C-A,0.388767614
YLR372W,0.581754132
YLR154W-C,0.02625221
YLR312W-A,0.293630133
YLR188W,0.229538205
YLR159W,0.019282469
YLR241W,0.172475896
YLR360W,0.068794969
snR30,1.037784078
YLR205C,0.191768036
YLR161W,0.080075581
YLR287C,0.179513716
YLR410W,0.613623098
YLR097C,0.078614556
YLR397C,0.260050508
YLR399C,0.508830999
YLR453C,0.033162306
YLL057C,0.008312829
YLR249W,5.916538912
YLR151C,0.064925953
YLR260W,0.272770319
YLR133W,0.205936925
YLL011W,0.410468779
YLR384C,0.586677689
YLR408C,0.019831282
YLR018C,0.161094908
YLR447C,0.252156188
YLR361C-A,0.039656975
YLR112W,0.021673725
YLR435W,0.21604531
snR34,0.205939764
YLR316C,0.070967744
YLR277C,0.282163803
YLR229C,0.239157351
YLR086W,0.185762482
YLR330W,0.212773152
YLR258W,0.208458346
YLR174W,0.8152158
YLR154W-F,0.005256697
tK(UUU)L,0.003631451
YLR382C,0.244452425
YLR137W,0.04992704
YLR087C,0.354307534
YLL049W,0.026824289
RDN37-1,2.027258012
YLL009C,0.15273634
YLR036C,0.038874292
YLR118C,0.051231817
YLR138W,0.263716506
YLR284C,0.035282805
YLR307C-A,0.099820057
YLR248W,0.343613777
YLR127C,0.133127575
YLR002C,0.389349228
YLR168C,1.476318911
YLR342W-A,0.052806634
YLR189C,0.161972963
YLR051C,0.179634229
YLL018C,0.781335165
YLR392C,0.119296034
YLR312C,0.074245693
YLR141W,0.049776393
YLL038C,0.48983073
YLR257W,0.249423263
YLR108C,0.163764903
YLR287C-A,1.176862591
YLR154W-E,0.081331528
YLR003C,0.363195884
YLR221C,0.256374961
YLR464W,0.060621159
YLR441C,1.528528309
YLR178C,0.043579659
YLR028C,0.646724398
YLR043C,0.317234813
YLR218C,0.073690901
YLR243W,0.159776251
YLR148W,0.180690081
RDN37-2,1.726149375
YLR154W-A,0.012807558
YLR242C,0.013754567
YLR351C,0.15580399
YLR306W,0.027788872
YLR130C,0.206563267
YLR183C,0.229673725
YLR326W,0.05250968
YLR024C,0.177836803
YLR442C,0.130188342
YLR061W,1.875448589
YLR386W,0.171740715
YLR387C,0.221809941
YLR422W,0.557491502
YLR354C,0.741660058
YLL039C,1.065565715
YLR208W,0.424172341
YLR005W,0.16575627
YLR076C,0.00053217
YLR451W,0.111704485
YLR454W,0.38957599
YLR132C,0.022292851
YLR182W,0.3430792
YLR038C,1.407194558
YLR107W,0.089949007
YLR305C,1.08589018
YLR070C,0.022601231
YLR226W,0.123840842
YLL048C,0.727319812
YLR057W,0.121857123
YLR348C,0.263084687
YLR050C,0.067475753
YLR332W,0.144447194
YLR369W,0.209042325
RDN5-1,0.002255666
YLR417W,0.094560395
YLR179C,0.073816095
YLR371W,0.266234606
YLR222C,0.538453013
YLR440C,0.138428347
YLR165C,0.021921687
YLR421C,0.1962948
YLR016C,0.060360769
YLL022C,0.08483181
YLL067C,0.82861934
YLR359W,0.307487535
YLR067C,0.112441354
YLL013C,0.178331804
YLR320W,0.130767204
YLL004W,0.062200321
YLR100W,0.262769678
YLR088W,0.14370202
YLL040C,0.597465422
YLR035C-A,0.059624127
YLR157C-B,0.298857031
YPL208W,0.108170752
YPL217C,0.418321734
snR41,0.072177715
YPL009C,0.602476196
YPL183C,0.470248114
YPR194C,0.298624992
YPR101W,0.156483913
YPL224C,0.164561664
snR17b,0.271311011
YPR204W,0.38848884
YPR103W,0.376275349
YPR155C,0.203315795
YPL244C,0.119592706
YPR141C,0.083615682
YPL275W,0.073600689
YPL240C,8.163143323
YPR188C,0.057404433
YPL111W,0.858456926
YPR119W,0.159676371
YPL006W,0.167030461
YPR161C,0.247637508
YPL092W,0.062268887
YPL091W,0.621927813
YPL163C,0.053354773
YPR069C,0.289030304
YPL175W,0.20006157
YPL088W,0.048450093
YPL125W,0.307489407
YPL090C,1.710450167
YPR198W,0.089996975
YPL051W,0.082468705
YPR202W,0.118641946
YPL270W,0.291856144
YPR058W,0.07048657
YPR110C,0.862842169
YPL042C,0.111405632
YPL172C,0.171137232
YPL039W,0.066922531
YPR051W,0.095658561
YPR134W,0.091708059
YPR118W,0.278677469
YPL123C,0.043413717
YPL144W,0.082739195
YPL140C,0.073057773
snR70,0.031613966
YPL045W,0.118677493
YPL263C,0.166989248
YPL097W,0.162663494
YPR124W,0.053307006
YPR004C,0.270502292
YPR080W,11.78920892
YPL162C,0.051663394
YPL200W,0.034557591
YPR057W,0.195479751
YPR100W,0.148765839
YPR033C,0.750442167
YPR151C,0.137171017
YPR180W,0.086112251
YPL210C,0.409053611
YPL155C,0.099246401
YPL225W,0.32154864
YPL266W,0.208120487
YPR002W,0.871641688
YPR108W,0.451777829
YPR200C,0.007109669
YPL058C,3.830227748
YPR088C,0.359563141
YPL254W,0.115368111
YPR010C-A,1.504152359
YPL223C,0.003704838
YPR056W,0.091180062
YPR006C,0.37633129
YPR113W,0.099906885
YPR020W,1.030533027
YPL160W,1.273800786
YPL147W,0.104058642
YPL107W,0.179904281
YPR049C,0.129179497
YPL087W,0.125428083
YPL184C,0.147254671
YPR111W,0.199115347
YPR189W,0.336212063
YPL020C,0.121192599
YPL196W,0.078514045
YPR135W,0.165335171
YPL052W,0.065212264
YPR112C,0.303556456
YPL186C,0.042146033
YPR148C,0.241630523
YPL276W,0.044490321
YPR143W,0.301248644
YPL034W,0.055430847
YPL116W,0.199312981
YPL012W,1.051810404
YPL017C,0.007474825
YPL010W,0.216441733
YPR173C,0.207852369
YPL233W,0.060981407
YPR024W,0.786680009
YPR191W,2.228117246
YPL063W,0.335562103
YPL149W,0.155463563
YPR166C,0.155499586
YPR167C,0.043949661
YPL231W,2.160121727
YPR147C,0.072199845
YPR164W,0.237377499
YPR001W,0.294366649
YPR178W,0.066628404
YPL019C,1.047699101
YPL022W,0.273511626
YPL001W,0.129058254
YPR083W,0.154543449
YPR195C,0.020732744
YPL211W,0.330935688
YPR003C,0.079834435
YPL181W,0.29959535
YPL040C,0.327130679
YPR159W,0.52055557
YPL002C,0.058283825
YPL227C,0.071559911
YPL151C,0.103228994
YPR037C,0.076809293
YPR184W,0.151729205
tK(UUU)P,0.012819684
YPL154C,0.406153629
YPR094W,0.116160449
YPR082C,0.186975105
YPR133C,0.309165373
YPL047W,0.095418922
YPR070W,0.180612701
YPL176C,0.156467729
YPL220W,0.791930908
YPL065W,0.033156714
YPL074W,0.186812722
YPL167C,0.087818008
YPR185W,0.094770775
YPR145W,3.517504675
YPL193W,0.157106665
YPL003W,0.046272288
YPL178W,0.336121173
YPL013C,0.184951714
YPL103C,0.145544639
YPR028W,0.211072029
YPL024W,0.093184244
YPR131C,0.07681198
YPL221W,0.675197573
YPR073C,0.143351353
YPL262W,1.241854589
snR45,0.088475524
YPR036W,0.539725203
YPL031C,0.204269621
YPL053C,0.169886614
YPR109W,0.095328121
YPR104C,0.174891831
YPR190C,0.63825901
YPL043W,0.303102259
YPL108W,0.07822167
YPL168W,0.063144971
YPR018W,0.109064746
YPR132W,0.881361218
YPL222C-A,0.017212083
YPR137W,0.333131069
YPL029W,0.136638898
YPL113C,0.099754151
YPL281C,0.003394202
YPL023C,0.383151857
YPR047W,0.076584679
YPL119C-A,0.018914672
YPL194W,0.044726536
YPR165W,0.676948692
YPR093C,0.113624205
YPL101W,0.25667111
YPL064C,0.071921901
YPL099C,0.14147039
YPR023C,0.263622706
YPL134C,0.532280353
YPL153C,0.067515161
YPL222W,0.064605258
YPR075C,0.233569119
YPL118W,0.393996282
YPR045C,0.105739138
YPR011C,0.113210518
YPL139C,0.226422849
YPL005W,0.05756594
YPL104W,0.156947097
YPL188W,0.177866817
YPL201C,0.176904252
YPL207W,0.400806338
YPR021C,0.275784527
YPL132W,0.12213496
YPL171C,1.329709561
YPR187W,0.444095705
YPL007C,0.091221453
YPL242C,0.252834639
YPR086W,0.203879416
YPR117W,0.374589304
YPL086C,0.437344684
YPL269W,0.034922252
YPR105C,0.212835367
YPR176C,0.124960969
YPL191C,0.061645431
YPR163C,0.871665696
YPR160W,0.175395446
YPL235W,0.263879164
YPR128C,0.336054507
YPL173W,0.225196931
YPR098C,0.061265433
YPL260W,0.536515391
YPR095C,0.104086378
YPR010C,1.563183955
YPL268W,0.158304205
YPL283C,1.07614513
YPL206C,0.124596794
YPR055W,0.347887088
YPR138C,0.123006323
YPL243W,0.610569666
YPR127W,0.057151786
YPL095C,0.055138206
YPR041W,0.930717377
YPL048W,0.202933405
YPL117C,0.525915824
YPL214C,0.100759568
YPL203W,0.149369452
YPL273W,0.412214024
YPR081C,0.067833543
YPR097W,0.317104427
YPL274W,0.204911306
YPL050C,0.42166576
YPL110C,0.181694861
YPL161C,0.099639162
YPR022C,0.370009897
YPR175W,0.135155707
YPL150W,0.171748543
YPL170W,0.112823028
YPL245W,0.05597087
YPR140W,0.122533541
YPR048W,0.194869059
YPR102C,0.777170172
YPL036W,0.044459584
YPR015C,0.003656855
YPL146C,0.315014974
YPR107C,0.11744902
YPL082C,0.752495244
YPL216W,0.053636001
YPL230W,0.043310788
YPL109C,0.131044814
YPR026W,0.115262368
YPL060W,0.069314143
YPR029C,0.295528884
YPL106C,5.529417802
YPR085C,0.066373154
YPL008W,0.106686502
YPR152C,0.041298669
YPL212C,0.494995575
YPL078C,1.366222825
YPL195W,0.292701861
YPR060C,0.139194517
YPL018W,0.102051852
YPL259C,0.199408668
YPR150W,0.005895763
YPR179C,0.088655758
YPL028W,0.570322432
YPR031W,0.099118798
YPR137C-B,0.088597835
YPR158W-B,0.075847177
YPL060C-A,0.063738499
YMR172W,0.061932251
YMR027W,0.215650647
YMR191W,0.138223827
YMR244C-A,0.103962276
YMR091C,0.188777619
YMR180C,0.031568895
YML088W,0.087129542
YMR318C,2.038185632
YMR115W,0.222364197
YMR105C,0.306589097
YMR083W,0.521784619
YML085C,0.289283714
YMR304W,0.252477775
YML087C,0.141042295
YMR308C,0.983409459
YML001W,0.234410123
YMR319C,0.09007309
YML073C,0.47889442
YMR233W,0.066523296
YMR048W,0.053110268
YML030W,0.118496698
YMR260C,0.759502959
YML064C,0.068516556
YML132W,0.086014297
YMR112C,0.094328381
YML127W,0.240960679
YMR096W,0.0510282
YML133C,0.390194363
YMR120C,0.053853797
YML100W-A,0.006613267
YML049C,0.24927526
YMR065W,0.016421034
YMR098C,0.1573303
YMR302C,0.340630199
YML060W,0.077957842
YMR080C,0.530541007
YMR294W,0.048444823
YMR167W,0.195997463
YMR100W,0.221658409
YMR183C,0.297593253
YML021C,0.026086963
YMR157C,0.1365779
YMR110C,0.20137721
YMR097C,0.108762888
YML011C,0.03796718
YML082W,0.195480161
YMR300C,0.167237381
YMR262W,0.035398205
YMR066W,0.09238399
YMR200W,0.301794754
YMR297W,0.346573748
YML026C,1.517818663
YMR143W,0.76151038
YML069W,0.261142341
YML050W,0.063191382
YMR211W,0.14219658
snR74,0.005573744
YMR142C,1.461066084
YMR077C,0.072813636
YMR284W,0.052335865
YMR089C,0.283143655
snR83,0.449401887
YMR099C,0.145174733
YMR132C,0.073271529
YML115C,0.224029771
snR11,0.307193403
YMR044W,0.110235531
YML131W,0.785223031
YML038C,0.198102184
YMR036C,0.091850247
YML012W,0.400182506
YML100W,0.182779525
YML099C,0.154357714
YMR207C,0.197114797
YML008C,1.080850433
YMR216C,0.561941404
YML104C,0.122719398
YMR168C,0.171429074
YML063W,1.767003286
YMR177W,0.151969838
YMR014W,0.229687297
YMR020W,0.052605636
snR86,0.437012871
YMR208W,0.258704978
YML098W,0.113538605
YML028W,1.064112775
YMR285C,0.115740983
YMR040W,0.024588753
YML128C,0.092520558
YML022W,0.369101781
YMR299C,0.044880392
YMR119W,0.09611678
YMR024W,0.290555768
YMR033W,0.279483525
YMR305C,0.210206788
YMR162C,0.196421356
YMR158W,0.161028663
YMR210W,0.118137217
YMR241W,0.458590811
YMR235C,0.496159113
YMR047C,0.783601202
YMR259C,0.262761376
YMR026C,0.145369892
YML010W,0.466131038
YMR150C,0.07423128
YML032C,0.208722148
YML018C,0.306290366
YML081W,0.195103968
YMR003W,0.060080642
YMR257C,0.139153902
YML068W,0.061724001
YMR060C,0.094666771
YMR295C,0.485696662
YML080W,0.182366369
YMR239C,0.17662783
YMR114C,0.051339728
YMR088C,0.212744107
YMR103C,0.448577659
YMR303C,2.881377223
YMR316W,0.132978368
YML017W,0.155318645
YMR104C,0.466494862
YMR155W,0.06414392
YMR313C,0.14479065
YML096W,0.153688519
YML016C,0.16868459
YML006C,0.156221856
YMR178W,0.077620952
YML109W,0.258502777
YML014W,0.091939654
YML106W,0.605178193
YMR193W,0.199607897
YML079W,0.112002436
YMR174C,0.032265917
YMR218C,0.118429093
YMR001C,0.199219781
YML121W,0.104521991
YMR217W,0.972171963
YML042W,0.193122133
YMR287C,0.150160883
YMR289W,0.108686174
YML048W,0.65910345
YMR250W,0.057253557
YML046W,0.112866778
YML004C,0.338451556
YMR071C,0.124160258
YMR229C,1.374178337
YMR301C,0.183923823
YMR002W,0.913249453
YML019W,0.098525623
YMR176W,0.157762107
YML108W,0.16766443
YMR198W,0.065145551
YML093W,0.643811571
YMR116C,1.675756695
YMR196W,0.112203036
YMR070W,0.099236489
YMR170C,0.032048444
YMR019W,0.120255591
YMR165C,0.124946521
YMR184W,0.120467548
YMR316C-B,0.027101729
YMR107W,0.026426991
YMR270C,0.136005955
YMR035W,0.113107235
YMR108W,7.135599419
YML002W,0.034135529
YMR278W,0.126207256
YMR185W,0.120273505
YMR304C-A,0.002654907
YMR258C,0.123654531
YMR023C,0.041871452
YMR041C,0.066493319
YMR029C,0.191115265
YMR092C,0.375741455
YMR138W,0.034197352
YMR053C,0.024132559
YMR220W,0.280761627
YMR087W,0.060637431
YMR251W,0.04614765
YMR256C,1.488667002
YMR214W,0.288281615
YML117W,0.364294134
YMR271C,0.01275147
YMR226C,0.243398636
YML110C,0.125737075
YML007W,0.655069373
YMR190C,0.152352102
YMR264W,0.153530219
YML024W,1.285570804
YMR238W,0.137461618
YML061C,0.140651901
YMR130W,0.162413286
YMR005W,0.613782796
YMR054W,0.337890993
YMR209C,0.091814674
YML102W,0.152079951
YMR074C,0.082021812
YML065W,0.112949002
YMR243C,0.370695252
snR85,0.057578412
YML071C,0.1283818
YML070W,0.151951262
YMR125W,0.617169064
YML105C,0.191603513
YMR293C,0.078002955
YML124C,0.296030362
YMR090W,0.050763762
YML029W,0.161690679
YMR171C,0.1907439
YMR188C,0.189052729
YMR230W,0.691505281
YMR267W,0.370368795
YMR247C,0.293691674
YMR251W-A,2.750551906
YMR228W,0.092924718
YMR153W,0.181559137
YMR056C,0.055226759
YMR282C,0.180098706
YMR062C,0.082250593
YML067C,0.136307887
YML107C,0.084685534
YMR113W,0.090250247
YMR263W,0.057724784
YML034W,0.135161938
YMR131C,0.742671321
YMR034C,0.122357373
YML103C,0.321215302
YMR306W,0.020469416
YMR169C,0.02356699
YMR186W,6.363236572
YML059C,0.169529617
YMR013C,0.049512218
YMR127C,0.07464328
YMR212C,0.302707051
YMR061W,0.175194485
YMR288W,0.164319057
YMR265C,0.090962094
YML116W,0.371819302
YML130C,1.307982704
YMR292W,0.080907737
YMR137C,0.062408603
YML062C,0.093856507
YML035C,0.388064227
YMR173W,0.016602102
YML036W,0.065238268
YMR021C,0.092121213
YMR135C,0.177912318
YMR129W,0.349127746
YMR045C,0.083982504
YMR050C,0.138884131
YML045W,0.18155369
YML039W,0.263174917
YBL055C,0.118281913
YBR293W,0.034280149
YBR115C,0.460459608
YBR241C,0.067431168
YBL037W,0.168178576
YBR019C,30.16026393
YBR022W,0.128557713
YBL022C,0.586666847
snR161,0.01559102
YBR179C,0.236679411
YBR247C,0.387204032
YBR218C,0.533420195
YBR244W,0.077106073
YBR160W,0.200607146
YBL080C,0.071596602
YBR294W,0.114466204
YBR111W-A,0.148604916
YBR229C,0.179706824
YBR042C,0.094988929
YBR150C,0.12200056
YBR298C,0.072093929
YBR143C,0.95168138
YBR014C,0.169066888
YBR259W,0.069434561
YBL074C,0.046792622
YBR097W,0.149924298
YBR136W,0.154503449
YBR039W,1.146255329
YBL067C,0.499574752
YBR087W,0.158202307
YBR121C,0.922806347
YBR026C,0.226756927
YBR176W,0.083411636
YBR230W-A,0.105607835
YBR090C,0.085283743
YBR044C,0.185728017
YBR216C,0.110735474
YBR271W,0.146900877
YBR084W,0.637347302
YBR065C,0.067918444
YBR245C,0.965850012
YBR068C,1.510922425
YBR041W,0.140593929
YBR252W,0.257435726
YBL082C,0.135168128
YBL098W,0.086994226
YBR117C,0.004717958
YBR169C,0.3005793
YBR207W,0.36623373
YBL106C,0.047165835
YBR237W,0.099991744
YBR149W,0.762917229
YBL063W,0.09037335
YBR002C,0.110104084
YBR023C,0.450586643
YBL088C,0.308125573
YBL093C,0.1635698
YBL091C,0.211558486
YBR142W,0.630500356
YBR010W,6.126703397
YBL060W,0.067120119
YBR025C,1.594125238
YBR101C,1.270821484
YBR053C,0.049373267
YBL059C-A,0.258378064
YBL042C,0.282403909
YBL039C,0.941435172
YBR217W,0.042216114
YBL003C,3.242714941
YBR069C,1.898019422
YBL038W,0.268947569
YBR081C,0.279059994
YBL028C,0.909144226
YBR264C,0.079391607
YBR043C,0.148282822
YBL059W,0.082706545
YBR233W-A,0.068293186
YBR126C,0.299683886
YBR281C,0.159373881
YBR159W,0.238698406
YBR118W,12.81190857
YBL004W,0.964281693
YBR163W,0.067439491
YBR008C,0.487370004
YBL015W,1.058944591
YBL018C,0.071499519
YBR077C,0.103098628
YBL087C,0.603814623
YBR168W,0.044212696
LSR1,4.376272256
YBR200W,0.521222651
YBR248C,0.342860403
YBR145W,0.023024257
YBL047C,0.410672793
YBL014C,0.244667375
YBR062C,0.085006256
YBR251W,0.223500941
YBR199W,0.223213016
YBR054W,0.175700057
YBR072W,0.016766507
YBL001C,0.178959031
YBR110W,0.164059971
YBL111C,0.089890583
YBL036C,0.163150219
YBR096W,0.084272914
YBR030W,0.142490618
YBL076C,1.331489232
YBR256C,0.224908509
YBR162W-A,0.253059447
YBR297W,0.152147189
YBR011C,0.185337371
YBR089C-A,0.276416473
YBR296C,1.230764409
YBL040C,0.204833365
YBR165W,0.052764522
YBL026W,0.253661512
YBR280C,0.070313159
YBR175W,0.051962215
YBL057C,0.109063176
YBR192W,0.170159324
YBR302C,0.041922101
YBR254C,0.082987221
YBR204C,0.072742021
YBR220C,0.104836337
YBR290W,0.161451015
YBR263W,0.297840427
YBR272C,0.130596154
YBR210W,0.084632659
YBR106W,0.6480566
YBR005W,0.158275697
YBR166C,0.176308528
YBR161W,0.021079039
YBR255W,0.082268488
YBR205W,0.137148002
YBR206W,0.010406414
YBR122C,0.381652264
YBR295W,0.150737754
YBR001C,0.332290471
YBR288C,0.176102385
YBR282W,0.227106072
YBL072C,3.576943037
YBR103W,0.154331171
YBR107C,0.046210359
YBL075C,0.084981476
YBR006W,0.048013107
YBR196C,1.266315217
YBR236C,0.202791143
YBR276C,0.221644844
YBR036C,0.494107904
YBR291C,0.074629701
YBR137W,0.132586449
YBR017C,0.281945819
YBL023C,0.198727957
YBR127C,0.471067472
YBR035C,0.139727994
YBL017C,0.385505069
YBL104C,0.243187457
YBR020W,22.04648131
YBR085C-A,0.758694761
YBR123C,0.154028159
YBL045C,1.776996175
YBR154C,0.652089949
YBR278W,0.070100134
YBR273C,0.160515272
YBR104W,0.053788262
YBL079W,0.84491231
YBR203W,0.383674875
YBR184W,0.014493523
YBR170C,0.259458184
YBR133C,0.232340315
YBR275C,0.229638298
YBL052C,0.108431579
YBR283C,0.661559606
YBR094W,0.173219218
YBR258C,0.038463559
YBR201W,0.091250208
YBR070C,0.055654399
YBR198C,0.372763281
YBL056W,0.443694251
YBR257W,0.099516774
YBL008W,0.119913951
YBR181C,1.674005978
YBR052C,0.14371014
YBR093C,0.092531157
YBR056W,0.130731997
YBR141C,0.06066706
YBR151W,0.132137651
YBL090W,0.120064366
YBL105C,0.305764026
YBL102W,0.160592762
YBL011W,0.367838305
YBR095C,0.142321954
YBR066C,0.014500655
YBR046C,0.390194916
YBR235W,0.147017026
YBR274W,0.089027207
YBL006C,0.279179098
YBR037C,0.07301555
YBR055C,0.166858971
YBL019W,0.079536484
YBR164C,0.132001581
YBL020W,0.218918871
YBR208C,0.167358416
YBL097W,0.088224811
YBR183W,0.040862425
YBR268W,0.129387317
YBR058C-A,0.173767217
YBL061C,0.156786754
YBR114W,0.067167717
YBR219C,0.017211038
YBR299W,0.036030146
YBR191W,1.143476627
YBR125C,0.19183656
YBL069W,0.069818003
YBR074W,0.259463858
YBR187W,0.229215053
YBL021C,0.539195106
YBL049W,0.010939137
YBL095W,0.125596062
YBR073W,0.049009549
YBR063C,0.05317521
YBR028C,0.18921148
YBR129C,0.097045279
YBL050W,0.18106759
YBL058W,0.652450522
YBR024W,0.039436238
YBL005W-B,0.136668696
YBR012W-B,0.088922048
YBL100W-B,0.027712651
YNL306W,0.141281339
YNL137C,0.277558433
YNL331C,0.024651416
YNL297C,0.691245442
YNL102W,0.343506655
YNR026C,0.211206102
YNL182C,0.307153238
YNR001C,3.187314463
YNL315C,0.176983878
YNL221C,0.335436295
YNR052C,0.260527291
YNL061W,0.572923715
YNL284C,0.269092967
YNR040W,0.182844186
YNL246W,0.109794241
YNL121C,0.600159984
YNR055C,0.208665579
YNL039W,0.149316748
YNR036C,0.319817419
YNL119W,0.146807297
YNL277W,0.241173933
YNL126W,0.09565409
YNR041C,0.16156263
YNL301C,0.811063914
YNL026W,0.162326584
YNL067W,1.741007984
YNL162W,2.053590811
YNL257C,0.176431259
YNL323W,0.167014179
YNL003C,0.186413521
YNL048W,0.144691923
YNL224C,0.104668228
YNR032W,0.124710336
YNL206C,0.116829077
YNR062C,0.001505111
YNL273W,0.202558449
YNR020C,0.102554086
YNL041C,0.158442899
YNL008C,0.083647101
YNL122C,0.200801311
YNL001W,0.153546205
YNL035C,0.052159184
YNL007C,2.711414927
YNL052W,2.930668944
YNL002C,0.614805711
YNR007C,0.06676075
YNL291C,0.174663346
YNL087W,0.314837127
YNL217W,0.139576099
YNL029C,0.049947878
YNL009W,0.121385131
YNL024C-A,0.239019192
YNL334C,0.026817031
YNL295W,0.138297142
YNL192W,0.214443766
YNL149C,0.297064442
YNL071W,0.424471019
YNL308C,0.416512073
YNL040W,0.11626474
YNL117W,0.438861679
YNR067C,0.617989196
YNL294C,0.119880307
YNL280C,0.144698255
YNL075W,0.277277818
YNR058W,0.018713936
YNL261W,0.092824015
YNL201C,0.23825701
YNR033W,0.26987384
YNL272C,0.087546255
YNR016C,1.002063126
YNL223W,0.04435996
YNR032C-A,0.084091174
YNL178W,1.663090678
YNL021W,0.154163917
YNL312W,0.175665682
YNL143C,0.020849862
YNL299W,0.144000532
snR19,0.671118341
YNL163C,0.200516775
YNL127W,0.1810813
YNL118C,0.632049402
YNL189W,1.684305918
YNL290W,0.176275576
YNL250W,0.145814927
YNL227C,0.142009649
YNL218W,0.064748713
YNL004W,0.298172586
YNL155W,0.112758054
YNL200C,0.055777997
YNL177C,0.209593012
YNL077W,0.506856108
YNL293W,0.083455822
YNL098C,0.217545622
YNL049C,0.230691862
YNR019W,0.513312766
YNL006W,0.244704059
YNR030W,0.274021963
YNL038W,0.059351014
YNL090W,0.109047936
YNL151C,0.133753676
YNR008W,0.07908533
YNL022C,0.179057607
YNL011C,0.039652366
YNL329C,0.139390241
YNL238W,0.540553242
YNL267W,0.347756086
YNL014W,0.021508702
NME1,0.310018839
YNL209W,3.304511133
YNL253W,0.050532445
YNL173C,0.295515877
YNR031C,0.332492413
YNL232W,0.179322388
YNL262W,0.376315332
YNL142W,0.050643659
YNL129W,0.029204879
YNL005C,0.279921755
YNL240C,0.386536995
YNL256W,0.154173238
YNL012W,0.020010286
YNR029C,0.126182732
YNL107W,0.100149051
YNR065C,0.111753086
YNL332W,0.002992728
YNL023C,0.235121434
YNL153C,0.359743703
YNL130C,0.117491795
YNL088W,0.196937782
YNL108C,0.057078638
YNL181W,0.092316062
YNL064C,4.750150352
YNL202W,0.038200212
YNL147W,0.116354642
YNL286W,0.106451912
YNL168C,0.265225939
YNL259C,0.104798735
YNL085W,0.440868658
YNL051W,0.092431177
YNL148C,0.020307794
YNL255C,0.963216419
YNL271C,0.941479128
YNL281W,1.222373538
YNL156C,0.103574326
YNL260C,0.230121653
YNL222W,0.067808279
YNL225C,0.098219945
YNL215W,0.189608685
YNL326C,0.07704558
YNL100W,0.325771127
YNR066C,0.046783496
YNL242W,0.216456489
YNR057C,0.011340481
YNL166C,0.153902114
YNR050C,0.171799036
snR49,0.184276349
YNL138W,0.255204867
YNR048W,0.080559885
YNL302C,1.021632417
YNL045W,0.206176749
YNL207W,0.23103206
YNL112W,1.322559442
YNL249C,0.071516197
YNL270C,0.055501913
YNL115C,0.08949299
YNL073W,0.265300669
YNL082W,0.104711823
YNR034W-A,0.033776431
YNL138W-A,0.092414469
YNL237W,0.100538964
YNL084C,0.268911229
YNL208W,0.186574769
YNL010W,0.159781771
YNR053C,0.79656332
YNL231C,0.369871526
YNR037C,0.206456925
YNL339C,1.083828083
YNL287W,0.814466778
YNL282W,0.084100525
YNL047C,0.058670827
YNL139C,0.425484349
YNR003C,0.101065451
YNL330C,0.268928415
YNL172W,0.186506242
YNR027W,0.115223679
YNL083W,0.151423793
YNL164C,0.084408049
YNL274C,0.061495086
YNR061C,0.055836154
YNR035C,0.355966854
YNR024W,0.093164293
YNL161W,0.095370769
YNL247W,0.48851429
YNL062C,0.266209239
YNL325C,0.0641308
YNL032W,0.100730176
YNL135C,0.27512755
YNL212W,0.336470106
YNL333W,0.028436389
YNL159C,0.085176248
YNL220W,0.243631369
YNL336W,0.150100654
YNL136W,0.121920914
YNL219C,0.201892864
YNL079C,0.448084336
YNL054W-B,0.231456923
YJR105W,0.477398328
YJR129C,0.032168194
YJL139C,0.153376358
YJL110C,0.237140529
YJR088C,0.20392334
YJL213W,0.024397326
YJR046W,0.510785292
YJR131W,0.083138485
YJL133W,0.098048727
YJR053W,0.050707539
YJR100C,0.084851251
YJR067C,0.048058869
YJR130C,0.140979288
YJL186W,0.48734369
YJL008C,0.658589958
YJL061W,0.311738229
YJR085C,0.125002338
YJR040W,0.149805055
YJR039W,0.055962731
YJR005W,0.482288868
YJR098C,0.051946226
YJL156C,0.201655439
YJR138W,0.299883985
YJR049C,0.10855985
YJR008W,0.144437962
YJR002W,0.468470314
YJR145C,1.726753543
YJL173C,0.066915445
YJR135W-A,0.078382053
YJL030W,0.082819271
YJL216C,0.011107386
YJL011C,0.1475121
YJR060W,0.384119839
YJL010C,0.319851604
YJL221C,0.004011408
YJR140C,0.203761144
YJL117W,0.798323605
YJL164C,0.055505376
snR3,0.05308381
YJL171C,0.226462087
YJL132W,0.022342177
YJL172W,0.084088552
YJL093C,0.097147268
YJL163C,0.016527243
YJL179W,0.193339192
YJR080C,0.222614838
YJL104W,0.481258353
YJL050W,0.614860481
YJL002C,0.34319504
YJR084W,0.100895652
YJR010W,0.039561135
YJR144W,0.188978872
snR37,1.633267241
YJR094W-A,2.010185547
YJL052W,0.189605283
YJR139C,0.262565227
YJL016W,0.120679424
YJR096W,0.054344583
YJL181W,0.063891601
YJR095W,1.018813721
YJR006W,0.125313495
YJR072C,0.280763701
YJR133W,0.145332006
YJR025C,0.020371585
YJL012C,1.190650633
YJL145W,0.159865693
YJL153C,0.040098284
YJR064W,0.798400794
YJL074C,0.181676856
YJR016C,2.216108057
YJR099W,0.036930816
YJL048C,0.111159979
YJL197W,0.33520341
YJR074W,0.04359186
YJL127C-B,0.520424297
YJR057W,0.069383333
YJL134W,0.097016995
YJL081C,0.275900756
YJR137C,0.320734752
YJL072C,0.120971497
YJR152W,0.034106906
YJR001W,0.19640819
YJR110W,0.03924847
YJL190C,1.192426066
YJL099W,0.084775904
YJL090C,0.064773296
YJL055W,0.163845085
YJR109C,0.441100365
YJL167W,0.666288526
YJL036W,0.143602426
YJL168C,0.20523439
YJR036C,0.021354581
YJR066W,0.501902377
YJL001W,0.347157177
YJR061W,0.05736052
YJR125C,0.240057984
YJR051W,0.124364352
YJR112W-A,0.077919447
YJR050W,0.095726096
YJR011C,0.05486702
YJR136C,0.048157765
YJL200C,0.431824435
YJL129C,0.39667442
YJR103W,0.279370559
YJL044C,0.15165308
YJR142W,0.103222059
YJL183W,0.252232323
YJR031C,0.163143583
YJR010C-A,0.10140687
YJR033C,0.476899719
YJL068C,0.082381711
YJL112W,0.293360662
YJL039C,0.545093708
YJL180C,0.112070687
YJL147C,0.088288576
YJR062C,0.165008283
YJL014W,0.606370656
YJR149W,0.08699348
YJR075W,0.205701212
YJR126C,0.219336042
YJL005W,0.27684229
YJL206C,0.04088178
YJL217W,0.070756609
YJR124C,0.093732029
YJL143W,0.461462932
YJR078W,0.04283398
YJL207C,0.410681898
YJL198W,0.487646582
YJL225C,0.841422869
YJR073C,0.147934537
YJR143C,0.349542226
YJL131C,0.069597902
YJR024C,0.179948748
YJL140W,0.147365001
YJR068W,0.132519341
YJR058C,0.062373022
YJR101W,0.159748763
YJL096W,0.163269275
YJR156C,0.010027253
YJL063C,0.225612635
YJL101C,1.192566043
YJL222W,0.189880945
YJL138C,1.368833249
YJL057C,0.092159243
YJL218W,0.00393182
YJL130C,1.721890561
snR190,3.196938869
YJL069C,0.408020623
YJL045W,0.001485479
YJL091C,0.133431449
YJL033W,0.399846752
YJR148W,0.983860992
YJL123C,0.308468689
YJL046W,0.057697528
YJR123W,1.775091865
YJR118C,0.09274828
YJL071W,0.087898521
YJR015W,0.163421012
YJL004C,0.095179872
YJL155C,0.131444745
YJR107W,0.037508041
YJL035C,0.039938215
YJR089W,0.110126768
YJL115W,0.123269062
YJR003C,0.124476028
YJR104C,3.388876377
YJL126W,0.044541554
YJL166W,1.620141768
YJR054W,0.092822888
YJR141W,0.052048556
YJR135C,0.032716297
YJR155W,0.041164803
YJL109C,1.249778006
YJL098W,0.407934872
YJL196C,0.12257002
YJR113C,0.335933559
YJL148W,0.371731346
YJL031C,0.096308244
YJR132W,0.381152941
YJL102W,0.49975808
YJR042W,0.313322619
YJL209W,0.199369919
YJL087C,0.105140827
YJL210W,0.052541613
YJR134C,0.220212242
YJR027W,0.135500445
YJL113W,0.034676589
YJR029W,0.12511072
YKL103C,0.258545755
YKL002W,0.14669722
YKL173W,0.231282272
YKL061W,0.108513845
YKL143W,0.282995126
YKL172W,0.518041277
YKR014C,0.156626313
YKL149C,0.104688393
YKL094W,0.298145315
YKR094C,1.316824227
YKR058W,0.062911484
YKR052C,0.162809523
YKL157W,0.392589034
YKL091C,0.076624092
YKR087C,0.123960496
YKR038C,0.254948373
YKR048C,0.627460881
YKL014C,0.604835406
YKR082W,0.429413912
YKL126W,0.29459505
YKL074C,0.131880876
YKL135C,0.445375001
YKL112W,0.449847748
YKR085C,0.123106799
YKL217W,5.92005361
YKR044W,0.093527783
YKR080W,0.064947971
YKL065W-A,0.006349314
YKR068C,0.143811586
YKR027W,0.114428239
YKR022C,0.078667667
YKR078W,0.050690765
YKR001C,0.61573579
YKR025W,0.101332651
YKR095W,0.879332981
YKL129C,0.171367893
YKL041W,0.125724286
YKR074W,0.121861743
YKL024C,0.059325824
YKL073W,0.313059791
YKR006C,0.210227615
YKL104C,0.524931059
YKL191W,0.305194149
YKR101W,0.029514438
YKL155C,0.13983805
YKR018C,0.263039661
YKR079C,0.255680183
YKL027W,0.181447885
YKL035W,0.439666362
YKL084W,0.056530234
YKL207W,0.200648462
YKR066C,0.220005626
YKL117W,0.431672334
YKL140W,0.101354651
YKL007W,0.153531793
YKL022C,0.196555217
YKL021C,0.261305386
YKL125W,0.109454342
YKL077W,0.612672528
YKR103W,0.030703712
YKR104W,0.005625137
YKR024C,0.305871158
YKL203C,0.683004038
YKR054C,0.399817588
YKR057W,1.135567712
YKL133C,0.043423163
YKR083C,0.103640251
YKL113C,0.161624905
YKL213C,0.324885978
YKL154W,0.128366502
YKR063C,0.095605336
YKL174C,0.115522199
YKL134C,0.162458534
YKL069W,0.072660341
YKL006W,1.343764906
YKR035W-A,0.072893798
YKL182W,2.464370241
YKL099C,0.240693064
YKL179C,0.224548307
YKL047W,0.094646106
YKL049C,0.097284776
YKL220C,0.020398958
YKL183W,0.125042239
YKL181W,0.457655167
YKL088W,0.157975381
YKL209C,0.050052136
YKR019C,0.040375858
YKL166C,0.0918391
YKR086W,0.135767758
YKL065C,0.256824205
YKL013C,0.276901723
YKL040C,0.265802822
YKR061W,0.054638423
YKL170W,0.270747017
YKL210W,0.831370184
YKL015W,0.23849114
snR87,0.018618303
YKL009W,0.463215516
YKR097W,0.909552748
YKL075C,0.086773538
YKL206C,0.178774495
YKL195W,0.560300035
YKL064W,0.233479401
YKR026C,0.209255056
YKL188C,0.053947829
YKL196C,0.174522788
snR42,0.293386925
YKL168C,0.094031547
YKR090W,0.16325084
YKR036C,0.082220444
YKR084C,0.109180884
YKL216W,0.522440953
YKL219W,0.050982777
YKL067W,0.464565391
YKR031C,0.399409049
YKR088C,0.127752513
YKL151C,0.037701502
YKL138C-A,0.25764542
YKR070W,0.060657403
YKR059W,0.958815748
YKR069W,0.069993708
YKR053C,0.011217173
YKL218C,0.019831733
YKL142W,0.502270799
YKL011C,0.062028655
YKL144C,0.13602131
YKL055C,0.071223847
YKR039W,0.25779623
YKL184W,0.43655405
YKL176C,0.364069582
YKL033W-A,0.194230975
YKL090W,0.036600133
YKL010C,0.349722943
YKR051W,0.059424843
YKL120W,0.895097912
YKL092C,0.166358393
YKR028W,0.481509652
YKL197C,0.112860868
YKL152C,2.965593153
YKL093W,0.141696062
YKL080W,0.218216178
YKL101W,0.46178167
YKL056C,2.432580883
YKL017C,0.104995958
YKL190W,0.137528563
YKL211C,0.358189949
YKL127W,0.110940391
YKR049C,0.137006489
YKL052C,0.125250033
YKL053C-A,0.177975281
YKL121W,0.086802539
YKL050C,0.04315837
YKL194C,0.092961502
YKR037C,0.082070861
YKL205W,0.313197753
YKL137W,0.149283165
YKL146W,0.378581392
YKR003W,0.233003226
YKL028W,0.173200634
YKR010C,0.111279987
YKL212W,0.436624799
YKL054C,0.242927137
YKL006C-A,0.101958271
YKL079W,0.169369661
YKL161C,0.130084147
YKR030W,0.095720734
YKL012W,0.125886124
YKL106W,0.281490107
YKL045W,0.169839762
YKL085W,1.492457221
YKL165C,0.348773471
YKL132C,0.010253083
YKL078W,0.168305375
YKL001C,0.102680501
YKL046C,0.212736298
YKL058W,0.264413377
YKL208W,0.089523986
YKL215C,0.150217291
YKL136W,0.007021943
YKL033W,0.099882019
YKR023W,0.061183661
YKR067W,0.363763838
YKL098W,0.03791593
YKL114C,0.130006419
YKL145W,0.569917458
YKL128C,0.217919876
YKL008C,0.051483601
YKL066W,0.051894394
YKL119C,0.061492587
YEL041W,0.033218994
YER056C-A,0.370485186
YEL047C,0.089853498
YER146W,0.209845687
YER183C,0.107726617
YER172C,0.282745717
YER092W,0.105941026
YEL032W,0.374120833
YER105C,0.505048731
YER013W,0.099232513
YER094C,0.389161434
YER069W,0.111981823
YEL066W,0.088975834
YER027C,0.144534707
YER002W,0.567552522
YER142C,0.056556567
YER145C,1.162293735
YER176W,0.353885258
YER071C,0.064502906
YER177W,2.841741427
YER123W,0.262108377
YER116C,0.055381051
YER141W,0.447994951
YER170W,0.115288378
YER115C,0.124837799
YER076C,0.025016425
YEL021W,0.258603546
YER040W,0.128061872
YEL016C,0.046115344
YEL052W,0.202186596
YER081W,0.545204395
YER093C,0.151402152
YER030W,0.152102119
YER163C,0.045957436
YER173W,0.081934671
YEL065W,0.897533307
YEL055C,0.65030623
YER029C,0.196378934
YEL011W,0.24090328
YER166W,0.707830662
YER152C,0.123826071
YER107C,0.263269651
YER125W,0.678018894
YER122C,0.479903645
YER006W,0.612764818
YER007W,0.056940829
YER103W,0.33851195
snR80,0.023280296
YER139C,0.042219828
YER014W,0.045780291
YER048C,0.168066137
YER044C,0.16219756
YER053C,0.049597844
YER155C,0.580982706
snR4,0.629128084
YER050C,0.195116464
YER037W,0.069616103
YEL006W,0.158543231
YER129W,0.191616318
YER048W-A,0.367108446
YER051W,0.06205947
YER171W,0.184469349
YER078C,0.081870803
YEL003W,0.251796977
YER133W,0.534910886
YER060W,0.037959381
YER186C,0.173606772
YER188W,0.005070369
YER022W,0.181467036
YER148W-A,0.002544379
YER157W,0.13511464
YEL038W,0.046118059
YER098W,0.089730453
RPR1,2.565169826
YER154W,0.11125109
YEL071W,0.221653484
YER096W,0.010713542
YER017C,0.43991264
YER009W,0.276491544
SCR1,8.207192102
YER121W,0.033660542
YER019C-A,0.401918803
YEL050C,0.263153842
YER016W,0.085230349
YEL025C,0.142009802
YER024W,0.282462271
YER023W,0.183510629
YEL029C,0.073178617
YER065C,0.688653871
YER147C,0.039130137
YER138W-A,0.138799321
YEL015W,0.339784618
YER153C,0.0255024
YER113C,0.218510748
YEL030W,0.064426357
YER005W,0.220272083
YER046W,0.026146175
YER073W,1.033761421
YER049W,0.45010025
YER175C,0.085123584
YER021W,0.837517748
YER004W,0.206168657
YER117W,1.164408598
snR14,0.350614828
YER168C,0.17834813
YER124C,0.74442457
SRG1,0.063330647
YER095W,0.307351255
YER045C,0.009236316
YER148W,0.489528365
YEL022W,0.394188165
YEL001C,0.133448936
YER056C,1.290371734
YEL013W,0.324463941
YER074W,1.740907146
YEL051W,0.204468134
YEL061C,0.206759523
YER140W,0.083616337
YEL056W,0.122502501
YER156C,0.473189467
YER162C,0.052034666
YER074W-A,0.170438516
YER041W,0.062414235
YER112W,0.147788951
YER174C,0.12966257
YER026C,0.260825125
YER099C,0.181560649
YER025W,1.287917751
YER126C,0.525075138
YER182W,0.1364195
YEL058W,0.348860704
YER060W-A,0.00823207
YER184C,0.053768867
YEL020W-A,0.824091621
YER077C,0.177099551
YER042W,0.053621285
YER019W,0.169349293
YER110C,0.879114813
YEL023C,0.029328644
YEL077C,0.330496957
YER001W,0.297875204
YEL020C,0.218159775
YEL044W,0.157313296
YER087W,0.088886666
YER055C,0.382882682
YER138C,0.270838224
YHR045W,0.146348871
YHR005C-A,0.720527833
YHR184W,0.010624049
YHR073W,0.466987599
YHR064C,0.737203272
YHL047C,0.133939633
YHR003C,0.209031353
YHR154W,0.09963273
YHR031C,0.082513064
YHR106W,0.059691442
YHR039C-A,0.281119441
YHR165C,0.60643024
YHL025W,0.181281461
YHR016C,0.066288406
RUF5-2,0.022591906
YHR169W,0.243560279
YHR065C,0.392215779
YHL036W,0.026443159
YHR100C,0.197139332
YHR146W,0.273167352
YHR195W,0.09951246
YHR119W,0.389434834
YHR033W,0.984104151
YHR024C,0.309440064
YHR026W,0.198886979
YHR113W,0.217892832
YHR001W,0.220279665
YHR131C,0.123210301
YHR141C,2.14729021
YHR170W,0.583430802
YHR078W,0.083678893
YHR161C,0.101977589
YHR074W,0.307133929
YHR163W,0.270227034
YHR138C,0.104647827
YHR166C,0.074239953
YHL014C,0.040031225
YHL034C,0.444064917
YHR124W,0.018844216
YHR011W,0.071520175
YHR096C,0.067809853
YHR075C,0.032824647
YHR207C,0.100194675
YHR132W-A,0.226666576
YHR015W,0.022293399
YHL015W,2.949125089
YHR006W,0.21080674
YHR147C,0.161023017
YHR092C,0.018428064
YHR080C,0.107803443
YHL027W,0.341427405
YHL003C,0.224202328
YHR150W,0.079386155
YHR133C,0.194221618
YHR215W,0.089067151
YHL020C,0.281143712
YHR101C,0.042603291
YHR120W,0.141609717
YHL030W,0.240979122
YHR051W,1.523938588
YHR149C,0.167642324
YHR194W,0.072065191
YHR203C,1.455374598
YHR168W,0.0907204
YHR167W,0.046901526
YHR050W,0.458974857
YHR112C,0.098159764
YHR027C,0.854778045
YHR196W,0.323714256
YHR034C,0.071658795
YHR121W,0.18580594
YHR116W,0.06336807
YHR176W,0.029275074
YHL010C,0.072772102
YHR063C,0.133112966
YHR050W-A,0.026470295
YHL017W,0.148043112
YHL035C,0.229087885
YHR043C,0.124825626
YHR018C,0.234280669
YHR076W,0.116295721
YHL019C,0.08240335
snR32,0.035369607
YHR037W,0.390915082
YHR012W,0.123443408
YHR144C,0.09559251
YHR077C,0.41021047
YHR156C,0.045678437
YHR036W,0.04606372
YHR091C,0.130231418
YHR009C,0.295145033
YHR211W,0.015470437
YHR072W-A,1.748527132
YHR202W,0.048655083
YHR032W,0.290337091
YHL038C,0.149540177
YHR081W,0.155340005
YHR066W,0.306132587
YHR029C,0.099189555
YHR178W,0.067553974
YHR040W,0.104959235
YHR017W,0.101438296
YHR004C,0.105563135
YHR191C,0.054087674
YHR201C,0.189053282
YHR103W,0.352191282
YHR153C,0.010338425
YHR020W,1.074621551
YHR057C,0.153520172
tQ(UUG)H,0.008234537
YHR047C,0.465967913
YHR197W,0.334872651
YHR028C,0.266264979
YHR134W,0.062948387
YHR122W,0.163980085
YHR067W,0.030318994
YHL049C,0.029765635
YHR041C,0.068547673
YHR069C,0.206598772
YHR218W,0.101301712
YHR039C,0.303550971
YHL011C,0.646858529
YHR030C,0.170445031
YHL050C,0.207578018
YHR162W,0.582654904
YHR089C,0.485543352
YHR010W,1.462622785
YHR005C,0.013017464
YHR187W,0.122234626
YHR183W,1.864793823
YHR049W,0.157508826
YHR072W,0.345720208
YHR216W,0.051991627
YHR060W,0.043940815
YHR142W,0.157789489
YHR058C,0.126758157
YHR118C,0.232719083
YHR110W,0.227848118
YHR023W,0.241404754
YHR219W,0.206143086
YHL001W,1.234900407
YIL156W-B,0.065799572
YIL107C,0.104912359
YIL165C,0.028852412
YIL158W,0.121404307
YIR039C,0.076844991
YIL161W,0.101078055
YIL068C,0.37774146
YIL065C,0.120159093
YIL098C,0.132697788
YIL009W,0.317220921
YIR004W,0.166687487
YIL092W,0.055058833
YIL136W,0.381965954
YIR022W,0.19799981
YIR002C,0.118737952
YIL108W,0.275307671
YIL067C,0.098432464
YIL134W,0.060154191
YIL110W,0.180316714
YIL064W,0.091467607
YIL147C,0.449387521
YIL149C,0.366718835
YIL004C,0.072058299
YIL105C,0.234129154
YIL057C,0.161823031
YIL017C,0.083691346
YIL070C,0.313465951
YIL118W,0.198342275
YIL039W,0.207636425
YIR031C,0.084999226
YIL074C,0.186088378
YIL014W,0.124777386
YIR037W,0.145444778
YIL143C,0.391580556
YIL079C,0.201394946
YIR008C,0.12306426
YIL129C,0.405781016
YIL124W,0.18889446
YIL115C,0.415026375
YIL035C,0.36843246
YIL048W,0.197404863
YIR029W,0.058151537
YIL094C,0.457408181
YIL103W,0.160041444
YIL002C,0.109535936
YIL156W,0.086675423
YIR012W,0.431136421
YIL112W,0.181207974
YIR026C,0.287942148
YIR042C,0.034529317
YIL075C,1.26407684
YIL063C,0.170632397
YIL018W,1.626934483
YIL027C,0.15771126
YIL085C,0.195011396
YIL008W,0.094124064
YIL076W,0.287382171
YIL029C,0.025148083
YIL164C,0.02924003
YIL160C,0.028270511
YIL062C,1.078805354
YIL151C,0.218897923
YIL019W,0.170813479
YIL093C,0.223132001
YIR024C,0.079301018
YIL020C,0.059413179
YIL023C,0.138297158
YIL142W,0.924294482
YIL073C,0.037939931
YIL091C,0.330290515
YIL078W,1.040687025
YIL052C,0.747576626
YIL125W,1.932961601
YIL154C,0.06801837
YIL138C,0.383502497
YIL043C,0.299408675
YIL014C-A,0.021635876
YIL077C,0.106292818
YIR032C,0.034439562
YIL021W,0.311636653
YIL038C,0.373813924
YIR011C,0.202232671
YIL046W,0.192963643
YIL157C,0.081568856
YIL121W,0.016761961
YIR038C,0.049228511
YIL088C,0.180660446
YIR028W,0.006824985
YIL173W,0.200393371
YIL177C,0.732117856
YIL148W,0.978560243
YIL145C,0.170300262
YIL114C,0.05339054
YIR035C,0.074097268
YIL041W,0.320350197
YIR036C,0.076335768
YIL024C,0.03458748
YIL111W,0.008785827
YIL166C,0.040738202
YIL009C-A,0.054609463
YIR016W,0.337575193
YIL172C,0.047482726
YIL047C,0.352714949
YIR005W,0.078655997
YIL116W,0.09733065
YIL003W,0.173611307
YCL011C,0.253807588
YCL040W,0.955688383
YCR107W,0.113352311
YCL002C,0.068493039
YCL024W,0.138305268
YCR060W,0.092668137
YCR036W,0.141807196
YCR020C-A,0.061836472
YCR092C,0.097425691
YCR005C,0.803909973
YCL034W,0.232881686
YCR020W-B,0.4406769
YCL028W,0.30171191
YCR006C,0.045734705
YCR083W,0.059862513
YCL039W,0.032682435
YCR011C,0.328477974
YCL057W,0.654517185
YCR035C,0.237764876
YCR032W,0.196404073
YCL059C,0.27048895
YCR079W,0.111875258
YCR021C,0.251194228
YCL001W,0.205164508
YCR017C,0.343348964
YCR097W,0.075545531
YCR043C,0.128182768
YCR014C,0.062748485
YCL036W,0.283498401
YCR051W,0.220436816
snR43,0.041897587
YCR037C,0.320287633
YCR009C,0.282785177
YCR098C,0.488997181
YCR039C,0.079544533
YCL032W,0.213755576
YCR076C,0.062522818
YCR072C,0.481744798
YCR057C,0.626815037
YCL033C,0.041131108
YCL030C,0.161332593
YCR008W,0.84198581
YCR042C,0.199162964
snR65,0.02426021
YCL055W,0.086783354
YCR003W,0.185233993
YCL016C,0.089057331
YCL031C,0.458962927
YCR087C-A,0.376814693
YCL010C,0.085633746
YCR073C,0.062881008
YCL005W-A,0.528064857
YCL047C,0.062602141
YCR106W,0.224786327
YCL049C,0.065069929
YCR015C,0.097359484
snR33,0.213630942
YCL052C,0.153057791
YCR004C,0.512642065
YCR059C,0.097130663
YCL021W-A,0.003967755
YCR028C,0.13825962
YCL061C,0.149653857
YCR090C,0.124172516
YCR099C,0.039928736
snR189,0.17245609
YCR095C,0.068870641
YCR047C,0.181195326
YCR044C,0.091327583
YCR026C,0.239852593
YCR012W,7.258423234
YCR075C,0.039390752
YCL025C,0.826363585
YCR023C,0.278359876
YCR010C,0.218705035
YCR018C-A,0.014640167
YCL038C,0.026590514
YCR027C,0.119478918
YCR016W,0.254443726
YCL054W,0.474385308
YCR105W,0.004369426
YCL019W,0.506377353
YFR027W,0.032915695
YFL011W,0.000358098
YFL018C,1.30546065
YFR006W,0.316802954
YFL034W,0.175284482
YFL024C,0.141008787
YFL046W,0.076564705
YFR014C,0.23230719
YFL056C,0.484121862
YFR055W,0.04898693
YFR013W,0.215653564
YFL050C,0.06158099
YFR009W,0.505495415
YFL045C,0.785170738
YFR018C,0.091074156
YFR041C,0.157911891
YFL059W,0.0357623
YFL014W,0.349114192
YFL047W,0.162155096
YFR032C-A,1.464771004
RUF20,0.015331825
YFL044C,0.120240095
YFR047C,0.051539042
YFL054C,0.022799177
YFR024C-A,0.245492033
YFR002W,0.449047342
YFL033C,0.098441317
YFR005C,0.186845671
YFL028C,0.117523785
YFL052W,0.023650371
YFL002C,0.252027214
YFL055W,0.019826666
YFR001W,0.347406253
YFL023W,0.124484983
YFR031C-A,1.172928106
YFL010C,0.139155119
YFL029C,0.06320578
YFL030W,0.579967139
YFL058W,0.00197467
YFL016C,1.372939114
YFL041W,0.233186943
YFL036W,0.620502765
YFL048C,0.232026098
YFL037W,0.545256655
YFL017C,0.059194937
YFR010W,0.519019443
YFR038W,0.162340758
YFL031W,2.414455461
YFL005W,0.271055592
YFR019W,0.279588258
YFL042C,0.140078227
YFR042W,0.078337041
YFL038C,0.728899266
YFR015C,0.091531049
YFL060C,0.061379212
YFL049W,0.119490001
YFR028C,0.280991884
YFR016C,0.14351071
YFL001W,0.205807401
YFR037C,0.375691331
YFR025C,0.128597927
YFL025C,0.139395974
YFR031C,0.175296797
YFR039C,0.197780531
YFL027C,0.071759088
YFL007W,0.401447435
YFL004W,0.577903547
YFR048W,0.214768925
YFL009W,0.617717706
YFR004W,0.420313343
YFL002W-A,0.179118845
YAL016W,0.748043704
YAL064W-B,0.031472734
YAL023C,0.960005493
YAL062W,0.039569317
YAL026C,0.270522802
YAL014C,0.15422113
YAL042W,0.343532163
YAL038W,2.544448496
YAR003W,0.06969301
YAR007C,0.367764534
YAR027W,0.135517427
YAL055W,0.056021489
YAL060W,0.421493225
YAL017W,0.228296455
YAR018C,0.083904793
YAL063C,0.015228437
YAL046C,0.236200692
YAR050W,0.003080343
YAL039C,0.447270336
YAL022C,0.14793267
YAL011W,0.213608838
YAL001C,0.124235718
YAL056W,0.267101831
YAR071W,0.029338428
YAR033W,0.027602325
YAL059W,0.271811499
YAL035W,1.160785028
YAL008W,0.041475987
YAL020C,0.077777654
YAL015C,0.092961034
YAL009W,0.063996795
YAR014C,0.177963793
YAL036C,0.294535508
YAL061W,0.086508611
YAR002C-A,0.258958128
YAR008W,0.047408706
YAL049C,0.334347479
YAL047C,0.067318482
YAL029C,0.496891578
YAR031W,0.005446939
YAL027W,0.051524473
YAL033W,0.050061017
YAR015W,0.178502998
YAL044C,0.201892034
YAL058W,0.080230184
YAR028W,0.027441518
YAR010C,0.028474894
YAR009C,0.101674082
Q0080,0.009618869
Q0275,1.177538191
Q0010,0.006378006
Q0255,0.127289556
Q0140,0.039534205
Q0250,1.115820815
Q0105,0.333754392
Q0032,0.022054259
Q0130,1.953123656
Q0085,0.310504167
Q0182,0.130309162
Q0045,1.102495215